Text,Label
当年 奥斯卡 颁奖礼 上 被 如日中天 阿甘正传 掩盖 光彩 随着 时间 推移 这部 电影 越来越 多 人们 心中 地位 已 超越 阿甘 每当 现实 令 疲惫 产生 无力感 翻出 这张 碟 就 重获 力量 毫无疑问 本片 位列 男人 必看 电影 前三名 回顾 一段 经典台词 有 人 羽翼 如此 光辉 即使 世界 上 黑暗 牢狱 无法 长久 地 将 围困,当年的奥斯卡颁奖礼上，被如日中天的《阿甘正传》掩盖了它的光彩，而随着时间的推移，这部电影在越来越多的人们心中的地位已超越了《阿甘》。每当现实令我疲惫得产生无力感，翻出这张碟，就重获力量。毫无疑问，本片位列男人必看的电影前三名！回顾那一段经典台词：“有的人的羽翼是如此光辉，即使世界上最黑暗的牢狱，也无法长久地将他围困！”
恐惧 让 沦为 囚犯 希望 让 重获 自由 肖申克 救赎,恐惧让你沦为囚犯，希望让你重获自由。——《肖申克的救赎》
人 生命 不过 是从 一个 洞穴 通往 另 一个 世界 然后 那个 世界 雨 中 继续 颤抖 i hope,人的生命不过是从一个洞穴通往另一个世界..然后在那个世界的雨中继续颤抖.i hope
这是 一部 男人 必看 电影 人人 都 这么 说 但 单纯 性别 区分 就 会 让 电影 变 狭隘 肖申克 救赎 突破 男人 电影 局限 通篇 充满 令人 难以置信 温馨 基调 电影 里 伟大 主题 希望 当 无奈 地 遇到 如同 肖申克 一般 囚禁 心灵 自由 那种 囹圄 无奈 老 布鲁克 灰心 瑞德 还是 智慧 安迪 运用 智慧 信任 希望 并且 勇敢 面对 恐惧心理 去 打败 经典 电影 之所以 经典 都 做 同 一件 事 让 不同 角度 来 欣赏 希望 美好,"“这是一部男人必看的电影。”人人都这么说。但单纯从性别区分，就会让这电影变狭隘。《肖申克的救赎》突破了男人电影的局限，通篇几乎充满令人难以置信的温馨基调，而电影里最伟大的主题是“希望”。
当我们无奈地遇到了如同肖申克一般囚禁了心灵自由的那种囹圄，我们是无奈的老布鲁克，灰心的瑞德，还是智慧的安迪？运用智慧，信任希望，并且勇敢面对恐惧心理，去打败它？
经典的电影之所以经典，因为他们都在做同一件事——让你从不同的角度来欣赏希望的美好。"
Hope is a good thing and maybe the best thing of all,"Hope is a good thing, and maybe the best thing of all."
策划 年 私奔,策划了19年的私奔……
希望 强有力 注释,关于希望最强有力的注释。
有 种鸟 关不住,有种鸟是关不住的.
超级 喜欢 超级 喜欢 不看 的话 人生 不 圆满,"超级喜欢超级喜欢,不看的话人生不圆满."
Fear Can Hold You Prisoner Hope Can Set You Free,"Fear Can Hold You Prisoner, Hope Can Set You Free"
这样 男人 谁 会 舍得 背叛,这样的男人谁会舍得背叛。。。
一部 爱情 美女 电影 光芒四射,"一部没有爱情与美女的电影,却光芒四射"
不愧 好莱坞 大片 一环扣一环 没想到 最后 不但 逃生 生天 偷偷 把 典狱长 贪污 转移 出来 证据 送达 出去 帮助 曾经 关心 过 自己 人 情节 安排 巧妙 演员 演绎 也好 美国 有 爱国 情节 给 打 四分,不愧是好莱坞大片，一环扣一环，没想到最后不但逃生生天还偷偷把典狱长的贪污转移了出来，证据也送达了出去，帮助了曾经关心过自己的人，情节安排的巧妙，演员演绎的也好，是美国的，有爱国情节的我给打四分
年 台湾 引进 一部 比较 卖座 老片 The Sting 被 错 译成 刺激 到 年 本片 上映 时 片商 觉得 其 剧情 刺激 有 类似 地方 都 属于 高智商 复仇 因此 被 译成 刺激 年 有 一部 片子 Return To Paradise 含有 牢狱 情节 被 译成 刺激 说 起来 自打 高 一时 看过 肖申克 救赎 男主角 安迪 精神 就 持续 影响 着 成为 价值观 一部分 那种 持续 不断 给 有关 机构 写信 申请 图书馆 精神 那种 拒绝 忙 着 活忙 着 死 人生 精神 那种 迫不得已 作恶 良心 不 泯 正义 终彰 精神 那种 享受 生命 中 每一刻 微小 美好 精神 那种 困境 中 梦想 着 远方 有 一小块 属于 自己 乐土 精神 那种 甘于 平凡 且 活得 自 精神 一言以蔽之 那种 属于 人性 光辉 精神,"因为1994年台湾引进了一部比较卖座的老片The Sting，被错译成了《刺激》。到了1995年本片上映时，片商觉得其剧情与《刺激》有类似的地方（大概都属于高智商的复仇？），因此被译成了《刺激1995》，1998年又有一部片子Return To Paradise因为含有牢狱情节，被译成《刺激1998》！

说起来，自打高一时看过《肖申克的救赎》，男主角安迪的精神就持续影响着我，成为我价值观的一部分。那种持续不断给有关机构写信申请图书馆的精神，那种拒绝“忙着活，忙着死”的人生的精神，那种迫不得已作恶却良心不泯正义终彰的精神，那种享受生命中每一刻微小的美好的精神，那种在困境中梦想着远方有一小块属于自己乐土的精神，那种甘于平凡且活得自在的精神。一言以蔽之，那种属于“人性的光辉”的精神。"
知道 鸟儿 注定 不会 被关 牢笼 里 它们 每 一片 羽毛 都 闪耀着 自由 光辉 一部 经得起 时间 检验 电影 豆瓣 时光 网 IMDb 各大 电影 网站 都 排名 第一 电影,"“你知道，有些鸟儿是注定不会被关在牢笼里的，它们的每一片羽毛都闪耀着自由的光辉。”
一部经得起时间检验的电影，豆瓣、时光网、IMDb各大电影网站都排名第一的电影。"
人会 不 喜欢 吧 书 电影 都 好,没有人会不喜欢吧！书和电影都好。
记得 老 brook 上吊自杀 时 心里 有 多 难过 自由 来 太晚 生命 早已 自行 放弃,还记得老brooks上吊自杀时心里有多难过。自由来的太晚，生命早已自行放弃。
一部 女主 爱情 特技 好 片子 大学 英语老师 喜欢 放 给 学生 看 片子 这部 片子 讲诉 就是 一个 纯粹 故事 一次 救赎 换回 自由 一种 信念 驱使 这么 做 这部 片子 感人 让 人 成长,一部没有女主，没有爱情，没有特技的好片子，也是很多大学英语老师喜欢放给学生看的片子，这部片子讲诉的就是一个很纯粹的故事，一次的救赎，换回了自由，也是一种信念驱使他这么做，这部片子是感人的，它也让很多人成长。
肖申克中 生存 体制 如 当今社会 体制 痛改前非 人 一次次 被 重新 投入 黑暗 当权者 干着 肮脏 勾当 却会 公众 面前 宣讲 拯救 之道 似乎 只有 当 性格 棱角 思想 失去 火花 被 体制 化 人们 习惯 逆来顺受 时候 才 平安 生存,肖申克中生存体制又如当今社会体制，“痛改前非”的人一次次被重新投入黑暗之中，当权者干着肮脏的勾当却会在公众面前宣讲“拯救之道”，似乎只有当性格没有棱角，思想失去火花，被“体制化”的人们习惯逆来顺受的时候才可以平安生存
这部 电影 没什么 好 说 史 上 完美 电影 一秒 尿 尿 时间,这部电影没什么好说的，史上最完美的电影，没有一秒尿尿时间！
hope is a good thing,hope is a good thing
对不起 戒酒,对不起，我戒酒了。
越狱 感觉 就是 改编自 这个,越狱我感觉就是改编自这个
每年 都 回顾 一部 片子 每当 心情 低落 人生 低谷 时候 随便 什 时候 打开 听 着 摩根 弗里 曼 低沉 声音 娓娓道来 故事 就 会 感觉 好 好 电影 好 人生 陪伴,这是我每年都要回顾的一部片子，每当心情低落，人生低谷的时候，或者随便什时候打开，听着摩根弗里曼低沉的声音娓娓道来故事，就会感觉好了很多。好的电影是好的人生陪伴
明修栈道 暗渡陈仓,明修栈道，暗渡陈仓
下水道 逃出去 真的 震撼 不得不 说 男主对 自由 执念 克服 一切 即使 待 监狱 里 不断 学习 没 外面 世界 脱轨 才能 如此 从容 面对 一切 即使 监狱 小小 世界 里 自己 主宰 说 学习 重要 学到老 活到老,通过下水道逃出去，这真的是太震撼了，不得不说男主对自由的执念克服了一切，即使待在监狱里，因为不断学习，没和外面的世界脱轨，他才能如此从容面对一切，甚至即使是在监狱这小小世界里自己也是主宰，所以说：学习很重要，学到老活到老。
绝对 期待 过高 导致 有点 失望,绝对是期待过高导致有点失望
真的 不 喜欢 不 好看 没 感觉,真的不喜欢，不好看，没感觉
若 试 自由 如 生命 愿意 用 年 来 一日 逃脱,若你试自由如生命，你愿意用20年等来一日的逃脱。
何为 救赎 只有 重燃 人们 心中 希望 才能 救赎 有 希望 才 有 一切 即使 环境 恶劣 安迪 都 放弃 坚持不懈 写信 为 大家 换来 更好 图书馆 帮助 有 需要 人 拿到 高中 文凭 使 社会 上 有 生存能力 就算 知道 会 惹怒 看守 想 让 人们 都 听到 美妙 歌声 点燃 希望 之光 有 一种 鸟儿 永远 关不住,何为救赎？只有重燃人们心中的希望才能救赎。有希望才有一切可能。即使环境再恶劣，安迪都没有放弃，坚持不懈的写信为大家换来更好的图书馆，帮助有需要的人拿到高中文凭使他们可以在社会上有生存能力，就算知道会惹怒看守也想让人们都听到美妙的歌声，点燃希望之光。有一种鸟儿是永远也关不住的。
看 完 让 人 振奋,看完让人很振奋
好片 远比 这部 片 更好 大家 整天 把 这部 电影 稀奇 不行 其实 同年 电影 喜欢 阿甘,好片，但是远比这部片更好的还很多，大家整天把这部电影稀奇得不行，其实同年的电影我更喜欢阿甘。
其实 理解 不了 这部 影片 会 排名 第一,其实理解不了为什么这部影片会排名第一…
救赎 什么 灵魂 自由 信念 看看 这部 电影 就 有 体会,救赎什么？灵魂？自由？信念？你看看这部电影就有体会了
感人 电影 完整 看过 四遍 安迪 下水道 爬 出后 水里 雨 中 仰天长啸 时 就 瞬间 泪奔,太感人的电影！完整看过四遍！安迪从下水道爬出后，在水里在雨中仰天长啸时，就瞬间泪奔！
大众 经典 从不 感冒 欣赏 水平 不行,大众经典我从不感冒，为什么？我欣赏水平不行？
心目 中 都 被 高估 电影,"在我的心目中,它一直都是最被高估的电影。"
这是 一部 自由 友情 正义 电影 信念 不 灭 希望 永存 其实 全体 人 救赎 只是 选择 方式 不同 而已,这是一部关于自由、友情、正义的电影!“信念不灭，希望永存”。这其实是他们全体人的救赎，只是选择的方式不同而已。
真的 很金典 人 心里 都 有 渴望 不 一样 自由 不得不 被 现实生活 所 束缚 矛盾 个体 希望 人能 像 安迪 一样 找到 获得 真正 自由 喜欢 摩根 弗里 曼,真的很金典，每个人心里都有渴望不一样的自由，却又不得不被现实生活所束缚，很矛盾的个体，希望每个人能像安迪一样找到获得真正的自由。很喜欢摩根弗里曼
二十岁 以为 自己 外边 看 四十岁 才 明白 自己 里边 看,二十岁以为自己是在外边看，四十岁才明白自己是在里边看。
喜欢 电影,我最喜欢的电影
天下大同 PS 停留 前去 相逢 车子 远去 背影 不必 拍出 重遇 相拥,天下大同。PS：停留在前去相逢的车子远去的背影最好，不必拍出重遇和相拥。
高中 第一节 心理 课有 一种 鸟 关不住 它们 每 一片 羽毛 都 闪耀着 自由 光辉 但 后来 不幸 成 逆反 宣言 哈哈哈,高中第一节心理课。“有一种鸟是关不住的，因为它们的每一片羽毛都闪耀着自由的光辉”，但后来不幸成了我的逆反宣言……哈哈哈。
几年 后 五星 改成 三星,几年后，五星改成三星。
不 知道 是不是 史上 最佳 电影 但 绝对 吹嘘 最大 电影,我不知道这是不是史上最佳的电影，但这绝对是吹嘘最大的电影。
好 可惜 那年 有 阿甘正传 但 个人 认为 还是 这部 最佳,非常好，可惜那年有阿甘正传，但我个人认为还是这部最佳。
经典 老电影 就是 不 一样 重温 无数遍 呢,经典老电影就是不一样，重温了无数遍呢
发现 影史 顶尖 作品 都 反映 人 执念 一种 笃定 一切 意志力 这种 意志 不 被 人 理解 但 让 人 佩服 大多数 人 不敢 付出 这样 代价 不敢相信 一切 价值 自由 希望 就是 人 活着 一根 弦 绷着 就 生断 就 死 忙 着 去 活 忙 着 去 死 在于 选择 如果 愿意 相信 自己 会 光彩夺目 鸟 就 不 被困 牢笼 安迪 牢笼 自己 打开,我发现影史顶尖的作品，都反映了人的执念，一种笃定一切的意志力，这种意志不被人理解，但让人佩服，因为大多数人不敢付出这样的代价，他们不敢相信这一切的价值。自由和希望，就是每个人活着的一根弦，绷着就能生，断了就得死。所以“要么忙着去活，要么忙着去死”，在于选择。如果你愿意相信自己会是那只光彩夺目的鸟，那你就不可能被困在牢笼之中，因为安迪的牢笼是他自己打开的。
整部 电影 有点像 爽剧 给 最大 感受 不是 自由 真 好 而是 脑子 聪明 真好 Andy 越狱 后 一切 过于 完美 以至于 最后 一幕 当蓝得 不 真实 大西洋 出现 时 一度 怀疑 一切都是 Red 老头 美好 幻想 其实 Andy 精神 崩溃 越狱 时候 被 击毙 照例 无法 被 保释 老死 监狱 人生 最后 日子 里 为了 消磨时光 脑海 里 编 不 一样 结局 弥补 今生 遗憾 这部 电影 强调 希望 个 好 东西 行 吧 来 点儿 积极 祝 不 满足 肖申克 冷 啤酒 音乐 图书馆 而是 走出 墙外 往 大西洋 走 去 祝 有 智慧 勇气 踏上 一条 充满 不确定性 自由 之路 祝 这条 影评 别 给 惹 来 麻烦,整部电影有点像爽剧，给我的最大感受不是自由真好，而是脑子聪明真好。Andy越狱后的一切过于完美，以至于在最后一幕，当蓝得不真实的大西洋出现时，我一度怀疑这一切都是Red老头的美好幻想——其实Andy已经精神崩溃，或者越狱的时候被击毙。而他照例无法被保释，老死在监狱。人生最后的日子里，为了消磨时光，在脑海里编一些不一样的结局，弥补今生的遗憾。     然而，既然这部电影一直强调“希望是个好东西”，所以行吧，来点儿积极的：祝我们不满足于肖申克的冷啤酒、音乐和图书馆，而是走出墙外，一直往大西洋走去。祝我们有智慧和勇气踏上一条充满不确定性的自由之路。祝我这条影评别给我惹来麻烦。
不多 说,不多说了
说 越狱 系列 影片 鼻祖 故事情节 细腻 紧凑 被迫 入狱 狱中 斗智斗勇 夹缝 中 求生存 以及 对 重获 自由 极度 渴望 凭借 超高 智商 过 人 勇气 一次次 化险为夷 狱友 成功 逃离 获得 自由 侧面 揭露 社会 黑暗 及 腐败 不堪 入眼 一面 值得 深思 回味,可以说这是越狱系列影片的鼻祖，故事情节细腻紧凑，从被迫入狱，在狱中斗智斗勇，夹缝中求生存，以及对重获自由的极度渴望，凭借超高的智商和过人的勇气，一次次化险为夷，最终和狱友成功逃离，获得自由。侧面揭露的社会黑暗及腐败不堪入眼的一面，值得深思回味
习惯 监狱 生活 接受 不了 正常 生活 人 真实 恐怖 勇敢 面对 生活 逃离 自己 舒适 区,习惯了监狱生活而接受不了正常生活的人，既真实又恐怖。勇敢面对生活，逃离自己的舒适区。
久 看 印象 深刻 一位 老人 出狱 后 不 知道 如何 生活 外面 一切都是 所 不 熟悉 无法 正常 工作 交流 生活 选择 结束 自己 生命 习惯 真的 一种 极其 强大 可怕 力量,很久之前看的了，印象深刻的是一位老人在出狱后不知道如何生活了，外面的一切都是他所不熟悉的，无法正常的工作，交流，生活。最终选择结束了自己的生命。习惯真的是一种极其强大的可怕的力量！
当然 一部 好 电影 但 被 物化 成 廉价 鸡汤 如果 顶级 电影 就是 这样的话 电影 这门 事物 真的 让 人 失望 完全 算不上 艺术 不过 万幸 不是 电影 只不过 最烂 大街 好 电影 幸亏 有 更好 电影 有 理想 艺术 追求 电影 捍卫 电影 艺术 造诣 方面 底线 天花板 才 让 电影 一片 营销 号 鸡汤 中 沦落 为 廉价 网络 谈资 消费品,当然是一部好电影，但他现在已经被物化成的最廉价的鸡汤。如果最顶级的电影就是这样的话，那电影这门事物真的是太让人失望了，也完全算不上艺术。不过万幸的是它不是最好的电影，它只不过是最烂大街的好电影。 幸亏有更好的电影更有理想和艺术追求的电影在捍卫的电影在艺术造诣方面的底线和天花板，才让电影没有在一片营销号的鸡汤中沦落为最廉价的网络谈资和消费品。
几年 前 被 母亲 推荐 看 推崇 看过 后 感觉 黑暗 国家 都 存在 总的来说 希望 好人 一生 平安,几年前被母亲推荐看的，她很推崇，看过后感觉可以，黑暗是每个国家都存在的，总的来说希望好人一生平安！
重看 影城 超越 年代 主流 心灵鸡汤 灌得 眼泪 直冒 世上 本 无 希望 若 多行 一步 希望 绝望 黑暗 处 生出 倔强 微光 卡夫卡 式 悖论 每人 都 背负着 有形 无形 肖申克 注定 无法 被 囚禁 鸟儿 会 挣脱 桎梏 天才 善于 做梦 类型 片 元素 大 集成 充满 匠气 完美 作品,#重看#@影城；超越年代的“主流心灵鸡汤”依然灌得眼泪直冒；世上本无希望，若我多行一步即是希望，在绝望黑暗处生出倔强微光，卡夫卡式的悖论；每人都背负着有形无形的肖申克，注定无法被囚禁的鸟儿一定会挣脱桎梏，天才善于做梦；类型片元素大集成，充满匠气的完美作品。
年月日 第一次 看肖 申克 时候 观影 量 不到 五百 吧 给 五星 见识 浅 差不多 九年 过去 豆瓣 标注 看过 超过 三千 第二次 看 还是 给 五星 当然 不是 片 滴水不漏,2008年11月28日，第一次看肖申克。那时候观影量还不到五百吧。给五星是见识浅。现在差不多九年过去，我在豆瓣标注看过的已经超过三千，第二次看，还是给了五星。它当然不是最好的片，但是太滴水不漏了。
酣畅淋漓,酣畅淋漓
怒赞 难 有 一部 电影 能比 肖申克 救赎 更好 诠释 梦想 救赎 两个 词 关联 电影 予人 带来 心理 洗涤 震撼 如此 深刻 对比 安迪 生活 中 看似 无以 迈 不过 坎 算 什么 当 若 心拥 梦想 哪怕 失败 定能 获得 希望 救赎,怒赞，很难有一部电影能比《肖申克的救赎》更好的诠释梦想与救赎这两个词的关联，电影予人带来心理的洗涤震撼是如此深刻，对比安迪，我们生活中看似无以能迈不过的坎又算什么？当你若能一直心拥梦想，哪怕失败，也定能获得希望的救赎。
真正 救赎 从来不 词汇 意义 上 彻底 改造 而是 历经 劫难 遗失 人生 重要 年华 过后 渴求 灵魂 躯体 自由 无上 美好 希望,真正的救赎从来不是词汇意义上的“彻底改造”，而是在历经劫难、遗失人生重要年华过后依然渴求灵魂与躯体的自由和无上美好的希望
发现自己 最近 真的 愿意 回看 经典 女主 经典 自由 希望 多么 美好 词汇 可是 一个 迂腐 人 才 体会 到 两个 词 如果 一年 前 对 提起 那么 我会 表示 鄙夷 会 觉得 两个 词太 虚无缥缈 假大空 如果 向 提起 那么 我会 说 爱 自由 希望,发现自己最近真的是愿意回看经典 尤其是没有女主的经典 自由与希望 多么美好的词汇 可是一个迂腐的人现在才体会到 这两个词如果一年前对我提起 那么我会表示鄙夷 会觉得这两个词太虚无缥缈 假大空 而现在 如果你向我提起 那么我会说 我爱自由和希望
经典 很久以前 看 人 活着 就 有 希望,经典，很久以前看的了。人活着就得有希望。
任何 时候 都 坚持 坚持 就 会 成功 但 现实 坚持 人 少 值得一看,任何时候都要坚持，坚持就会成功的，但现实能一直坚持的人是少的。值得一看
忙 着 活 忙 着 死 人 对 现有 生活 保持 乐观 心态 充满希望 学会 享受 不是 得过且过 苟且偷生 这种 人生 还有 什么 意义 呢 趁早 去 死 活着 浪费资源,要么忙着活 要么忙着死 人应该对现有生活保持乐观的心态 充满希望 学会享受 而不是得过且过 苟且偷生 这种人生还有什么意义呢？还不如趁早去死 活着也是浪费资源
世上 生存 就 有 一项 特长 再者 坚持 就是 胜利 吧,在这世上生存就得有一项特长，再者坚持就是胜利吧。
人 活着 有 希望 一点 都 错当 老布 自杀 时候 想 回到 监狱 里 度过 剩余 日子 可是 当安迪 终于 出去 时候 那么 美好 人 啊 真的 有 希望 才能 快乐 勇敢 活下去 当 失意 时候 就 想起 这个 片子 想起 那么 努力 想尽办法 脱身 觉得 冲出重围 重新 站 起来 真的 励志,“人活着得有希望”，一点都没有错，当老布自杀的时候我在想他应该回到监狱里度过剩余的日子，可是当安迪终于出去的时候又是那么美好，人啊真的得有希望才能快乐勇敢的活下去。当我失意的时候就想起这个片子，想起他那么努力想尽办法的脱身，觉得我一定也可以冲出重围重新站起来，真的太励志了。
好 电影 值得 所有人 反复 观看 就是 一部,好的电影值得所有人反复观看，这就是一部。
对 推上 神坛 电影 莫名 恐惧 以致 雪藏 多年 才 看看 完 发现 之所以 雄踞 各类 榜首 因 至多 称作 经典 可 称作 伟大 Fear Can Hold You Prisoner Hope Can Set You Free Hope is a good thing,"对推上神坛的电影总是莫名恐惧，以致雪藏了多年才看。看完发现它之所以雄踞各类榜首，是因其他至多称作经典，而它却可称作伟大。Fear Can Hold You Prisoner, Hope Can Set You Free .Hope is a good thing."
经典 反复 品味 安迪 对 生活 自由 充满 向往 出狱 对 来说 新生 早已 习惯 监狱 生活 瑞德 已 变得 麻木 出狱 对 来说 就是 死亡,经典是可以反复品味的，安迪对生活和自由充满向往，出狱对他来说是新生;而早已习惯了监狱生活的瑞德，已变得麻木，出狱对他来说就是死亡。
这部 被 称为 刺激 影片 中国 影迷 间 有 极好 口碑 可见 电影 超越 国界 神奇 之 处,这部被称为《刺激1995》的影片在中国影迷间也有极好的口碑，可见电影超越国界的神奇之处。
任何 时候 都 不要 放弃 希望,任何时候，都不要放弃希望。
肖申克 救赎 中安迪 扮演者 蒂姆 罗宾斯 说 这部 电影 传达 长久 赛而 不是 即时 满足 人 感觉 被困 自己 生活 中 一个 糟糕 工作 相处 不 愉快 伴侣 随便 一个 什么 原因 隐喻 层面 上 看 电影 向 这些 人 诉说 一个 理念 就是 对于 所有人 来说 总有 一处 理想 之地 着 终有 一刻 会 达到,《肖申克的救赎》中安迪的扮演者蒂姆·罗宾斯说：“这部电影传达的是长久赛，而不是即时的满足。很多人感觉被困在了自己的生活中，因为一个糟糕的工作，或者相处不愉快的伴侣，或者其他随便一个什么原因。从隐喻层面上看，电影向这些人诉说了一个理念，就是对于所有人来说，总有一处理想之地在等着你，终有一刻，你会达到那里。”
还是 经典 老电影 振奋人心 主人公 逃出 监狱 河流 中 张开 双臂 画面 记忆犹新,还是经典的老电影振奋人心，主人公逃出监狱在河流中张开双臂的画面记忆犹新。
看 完 觉得 烧脑 看 第二次 觉得 男主人 厉害,看完之后，只觉得烧脑。看第二次，我只觉得男主人太厉害了。
无疑 好看 但 这么 高 评分 却是 夸大,无疑是好看的。但这么高的评分却是夸大了
救赎 每次 看 都 有 一种 新 感觉 什么 形容 对 崇拜 人生 若 真的 自由自在 日落 时候 喝 着 沁 人 冰 啤 该是 多么 美好 啊,救赎每次看都有一种新的感觉，没有什么能够形容我对他的崇拜，人生若是真的能自由自在的在日落的时候喝着沁人的冰啤，那该是多么美好啊。
肖申克 救赎 这部 电影 好看 值得 推荐,肖申克的救赎，这部电影很好看，值得推荐
好多 感受 不能 用 语言表达 世界 糟糕 美好 坚持 才 有 希望,好多感受不能用语言表达，世界很糟糕也很美好，坚持才有希望
希望 有朝一日 中国 拍出 这种 有 深刻 人生 内涵 电影,希望有朝一日中国也能拍出这种有深刻人生内涵的电影
有 那么 好 吗,有那么好吗？？？？？
自我 救赎 才 唯一 出口 感叹 知识 改变命运 啊,自我救赎才是唯一的出口。感叹于知识改变命运啊。
有点 好奇 这部 片 为何 被 过度 赞誉 到 这个 地步,有点好奇这部片为何被过度赞誉到这个地步···
这个 电影 包含 友谊 艰辛 希望 梦想 之所以 获得 成功 感动 给 希望 给 启示,这个电影包含了友谊，艰辛，希望和梦想。之所以它获得了成功因为它感动了你，它给了你希望给了你启示！
一部 女主 爱情 好 电影 不可 超越 励志 佳片 真的 令人感动 美国 电影 炒鸡 推荐 五星 绝对,"一部没有女主,没有爱情的好电影！不可超越的励志佳片，真的很令人感动的美国电影！炒鸡推荐🎉五星绝对的！"
总 觉得 美国 大片 容易 直面 人性 直面 真实 社会,总觉得美国大片更容易直面人性，直面真实的社会。
虚假 巧合 被 当作 精妙 对比 突兀 后果 往往 使人 惊叹 不是 受 启发 脱离 过去 过于 决绝,虚假的巧合被当作精妙对比，突兀的后果往往使人惊叹而不是受启发，脱离过去过于决绝。
最后 一瞬间 啊,最后那一瞬间啊
重看 次数 电影,重看次数最多的电影
真的 好好看 呀 对得起 那么 高 评分 我要 找 小说 来看 一遍,真的好好看呀，对得起它那么高的评分，我要找小说来看一遍了
好看 但 这么 高 分 有点 假 吧 如果 越狱 起来 还是 越狱 好看 些,好看但这么高的分有点假了吧，如果和越狱比起来，还是越狱好看些！
忙 着 活 忙 着 死,要么忙着活，要么忙着死。
天知道 第几次 重看 伟大 可贵 地方 一方面 多层次 嵌套 丰富 主题 另一方面 则 一种 内在 timeless 品质 情感 表述 因此 无论 观众 身处 时代 来自 何种 背景 抱持 怎样 心理 状态 都 有效 不由自主 地 relate 其中 某个 角色 某段 情节,天知道第几次重看。它最伟大可贵的地方大概一方面是多层次嵌套的丰富主题，另一方面则是一种内在的timeless品质和情感表述，因此无论观众身处哪个时代，来自何种背景，抱持怎样的心理状态，都能够有效甚至不由自主地relate其中的某个角色或某段情节。
几年 前 看 看 完 挺久 才 回神 第一次 看 一部 电影 反思 自己 心中 电影 第一名,几年前看的，看完之后挺久了才回神，第一次因为看了一部电影反思自己。是我心中电影的第一名～
以为 个 压抑 影片 最后 发现 希望 光 hope 谁 无法 夺走 谁 无法 消灭 这部 影片 值得一看,我以为是个压抑影片，最后，我发现了希望的光。hope，谁也无法夺走，谁也无法消灭。这部影片，值得一看。
最最 最最 好看 电影 之一,最最最最最好看的电影。没有之一。
不管怎么 说真的 佩服 男主 毅力 那样 情况 下 迷失 自己 追求 自己 向往 自由,不管怎么说，真的很佩服男主的毅力，在那样的情况下一直没有迷失自己，追求自己向往的自由。
Hope is good thing and is everything,"Hope is good thing, and is everything."
It take a strong man to save himself and a great man to save another,"It takes a strong man to save himself, and a great man to save another."
人 信念 真的 太强大 只要 想 做 坚持 总有一天 会 实现 知识 力量 强大 看 完 这部 电影 感觉 自己 对 美好 生活 充满 向往,人的信念真的太强大，只要想做，而且坚持，总有一天会实现。知识的力量也是很强大的。看完这部电影，感觉自己又对美好的生活充满了向往。
绝望 里长 出 希望 带来 无限 勇气,绝望里长出的希望能带来无限的勇气
很久以前 就 想 看 这部 剧 今天 终于 看 震撼 就是 安迪 越狱 一段 无论是 配乐 还是 色彩 或是 安迪 动作 神态 都 掌握 好 从此以后 再也 不用 承担 本 不是 惩罚 终于 自由,很久以前就想看这部剧，今天终于看了。最震撼的就是安迪越狱的那一段，无论是配乐还是色彩或是安迪的动作神态，都掌握的很好！从此以后，他再也不用承担本不是他的惩罚，他，终于自由了！
好多 感受 不能 用 语言表达 世界 糟糕 美好 坚持 才 有 希望,好多感受不能用语言表达，世界很糟糕也很美好，坚持才有希望
很难 有 一部 电影 能比 肖申克 救赎 更好 诠释 梦想 救赎 两个 词 关联 真谛 电影 予人 带来 心理 震撼 洗涤 从未 如此 深刻 主角 安迪 男二 黑人 瑞德 主辅 相成 两条 脉络 营造 一个 关乎 追梦 自由 心灵 救赎 诠释 生活 其实 本 就 有着 梦想 哪怕 失败 只要 能心 拥 梦想 便定 获得 希望 救赎,很难有一部电影能比《肖申克的救赎》能更好的诠释梦想与救赎这两个词的关联和真谛，电影予人带来心理的震撼与洗涤从未如此的深刻，主角安迪与男二黑人瑞德主辅相成的两条脉络营造了一个关乎追梦自由和心灵救赎最好的诠释，生活其实本就一直有着梦想，哪怕失败，只要能心拥梦想，便定能获得希望的救赎。
懦怯 囚禁 人 灵魂 希望 让 人 自由 强者 自救 圣者 渡人,懦怯囚禁人的灵魂  希望让人自由 强者自救  圣者渡人
知道 鸟儿 注定 不会 被关 牢笼 里,你知道，有些鸟儿是注定不会被关在牢笼里的。
想 打分 最大 感受 除了 知识 真的 改变命运 还有 永远 热爱生活 hope is good thing,我想打100分，最大的感受除了，知识真的可以改变命运。还有要永远热爱生活。hope is  good thing.
影响 自己 人生观 一部 电影 距离 斯蒂芬 金 Stephen King 德拉 邦特 Frank Darabont 们 缔造 这部 伟大 作品 有 十年 知道 美好 东西 想必 大家 都 感受 抱歉 聒噪 将 一如既往 眼里 肖申克 救赎 信念 自由 友谊 有关,"影响自己人生观的一部电影，距离斯蒂芬·金（Stephen King）和德拉邦特（Frank Darabont）们缔造这部伟大的作品已经有十年了。我知道美好的东西想必大家都能感受，但是很抱歉，我的聒噪仍将一如既往。

在我眼里，肖申克的救赎与信念、自由和友谊有关。"
看到 豆瓣 排名 第一 好奇 去 看 这部 电影 印象 最深 就是 图书馆 老爷爷 坐年 牢 出狱 后 适应 不了 外面 生活 选择 上吊自杀 最后 男主 获得 自由 瑞德 男主 海边 相遇 暖,看到豆瓣排名第一，很好奇去看了这部电影，印象最深的就是图书馆的老爷爷坐50年牢出狱后因为适应不了外面的生活选择上吊自杀，最后男主获得自由，瑞德和男主在海边相遇很暖
朋友 生命 中 进进出出 好像 餐厅 中 侍者 来来去去 一样 可是 每当 想起 那场 梦想 到 两具 尸体 正 用力 拖 下水 时候 就 觉得 这样 也好 有 人会 沉沦 如此而已 并 不 公平 但 世事 就是 这样 有 人会 沉沦 下去 希望 还是 有 没 希望 行,朋友在你的生命中进进出出，好像餐厅中的侍者来来去去一样。可是每当我想起那场梦、想到那两具尸体正用力拖我下水的时候，我就觉得这样也好。有的人会沉沦，如此而已，并不公平，但世事就是这样，有的人会沉沦下去。希望还是要有的，没了希望，怎么行
重温 时间 只是 好 电影 一个 证明 二十年 前 经典 二十年 后 还是 同样 题材 有 过去 做到 有 今天 无法 领悟 就是 差距 当 故事 最后 两个 老友 蔚蓝 大 海边 重聚 拥抱 时候 希望 美好 事 永不 消逝 有人 问 为何 肖申克 救赎 备受 推崇 这部 电影 并 不是 讲 越狱 这样 说 不是 为了 讲 越狱 人活 这个 世界 或多或少 都 会 如同 片中 所述 经历 体制 化 磨难 逐渐 麻木 看不到 希望 如老布 这部 电影 告诉 哪怕 过去 年 年 年 有 希望 就 会 有 美好 事 如安迪 瑞德 观众 看 完 这部 电影 内心 会 跟着 这部 电影 走过 一个 由 绝望 到 希望 历程 这是 一场 心灵 救赎 对 观众 肖申克 救赎 伟大 之 处,重温，时间只是好电影的又一个证明。二十年前的经典，二十年后还是，同样的题材，有的过去能做到，有的今天也无法领悟，这就是差距。当故事最后两个老友在蔚蓝大海边重聚拥抱的时候，希望，是最好的，美好的事永不消逝。有人问，为何肖申克的救赎备受推崇。因为这部电影并不是在讲越狱，也可以这样说，它不是为了讲越狱。人活在这个世界，或多或少都会如同片中所述，经历“体制化”，磨难，逐渐麻木，看不到希望，如老布。而这部电影最终告诉你，哪怕过去20年、30年、40年，有希望，就会有美好的事，如安迪和瑞德。观众看完这部电影，内心会跟着这部电影走过一个由绝望到希望的历程。这是一场心灵的救赎，是对观众的。这是肖申克的救赎的伟大之处。
经典 值得 反复推敲 每看 一次 都 得到 新 体悟,太经典了！值得反复推敲，每看一次都能得到新的体悟！
一个 内心 坚强 有 信念 人,一个内心坚强有信念的人
印象 很深 一部 电影 绝望 但 永远 不要 放弃 希望,印象很深的一部电影，虽然很绝望，但永远不要放弃希望。
电影 塑造 一个 充满希望 向往 自由 男 主人公 形象 身边 人 都 变得 体制 化 只有 怀有 希望 之 人 小说 里面 出现 过 两个 人 旁白 一个 男主 好 朋友 一个 看守 图书馆 人 这种 别人 视角 来 诉说 给 人 一种 悬疑 感 真实感,电影塑造了一个充满希望，向往自由的男主人公形象。在身边的人都变得体制化之后，只有他是怀有希望之人。小说里面出现过两个人的旁白，一个是男主的好朋友，一个是看守图书馆的人，以这种别人的视角来诉说，更给人一种悬疑感和真实感。
这个 电影 包含 友谊 艰辛 希望 梦想 之所以 获得 成功 感动 给 希望 给 启示,这个电影包含了友谊，艰辛，希望和梦想。之所以它获得了成功因为它感动了你，它给了你希望给了你启示！
DVD DVD home CCTV,"2002.3.3 DVD 
2007.7.27 DVD home
2008.8.2  CCTV6"
影视 简介 由 豆瓣 网 专职人员 撰写 由 影片 官方 提供 版权 属于 豆瓣 网 未经许可 不得 转载 使用 整体 任何 部分 内容 世纪 年代 末 小有成就 青年 银行家 安迪 蒂姆 罗宾斯 Tim Robbins 饰 因涉嫌 杀害 妻子 及 情人 锒铛入狱 这座 名为 肖申克 监狱 内 希望,"该影视简介由豆瓣网专职人员撰写或者由影片官方提供，版权属于豆瓣网，未经许可不得转载或使用整体或任何部分的内容。

20世纪40年代末，小有成就的青年银行家安迪（蒂姆·罗宾斯 Tim Robbins 饰）因涉嫌杀害妻子及她的情人而锒铛入狱。在这座名为肖申克的监狱内，希望"
不管怎么 说真的 佩服 男主 毅力 那样 情况 下 迷失 自己 追求 自己 向往 自由,不管怎么说，真的很佩服男主的毅力，在那样的情况下一直没有迷失自己，追求自己向往的自由。
生 酣畅淋漓,生的酣畅淋漓。
最后 奔跑 拥抱 真的 好 感动,最后奔跑拥抱那里真的好感动。
这部 片子 播后 入狱 场景 衍生 一系列 同 人文 教皇 般的 典狱长 东西 两派 同性 狎 轧成 美国 监狱 片 少不了 场景 当然 被 人 津津乐道 一个 场面 男主角 逃脱 出狱 后迎 着 风雨 呐喊 自由 场景,这部片子播后，入狱的场景衍生一系列的同人文，教皇般的典狱长，东西两派，同性狎轧成了美国监狱片少不了的场景。当然被人津津乐道的一个场面是，男主角逃脱出狱后迎着风雨呐喊自由的场景。
看一遍,应该再看一遍
经典 老 片 一看再看 过 几天 把 书 看一遍,经典老片，一看再看。过几天再把书看一遍！
不 知道 如何 形容 对 感觉 终于 找到 一个 词 炫 民族 风,我一直不知道该如何形容我对它的感觉，现在终于找到了一个词：最炫民族风。
这部 电影 好 到 含义 深刻 到 不敢 妄自 评价 总之 力荐,这部电影好到，含义深刻到我不敢妄自评价……总之，力荐!
不够 味道,不够味道。
永远 不能 失去 希望 一个 交心 挚友 一个 聪明 优秀 人 一份 经年 不变 毅力 一只 羽翼 丰润 带 着 心飞出 牢笼 寻找 希望 鸟儿 Get busy livingor get busy dying,"永远不能失去的是希望。一个交心的挚友，一个聪明优秀的人，一份经年不变的毅力，是一只羽翼丰润，带着你的心飞出牢笼寻找希望的鸟儿。Get busy living,or get busy dying."
縱使 基督山 伯爵 與 刺激 一九九 五之間 場景 與 敘事 手法 差異 可謂 不小 刺激 一九九 五 卻 直接 改編 自 基督山 伯爵 影劇 作品 更能 體現 基督山 伯爵 精髓 全文 httphouorgzetacristohtm,縱使《基督山伯爵》與《刺激一九九五》之間，場景與敘事手法的差異可謂不小，《刺激一九九五》卻比很多直接改編自《基督山伯爵》的影劇作品，更能體現《基督山伯爵》的精髓。全文：http://hou26.org/zeta/cristo.htm
不断 想要 重复 一个 危机 过程 然后 得到 一个 好 结局 希望 有 什么 事情 发生 希望 自己 被 拯救 希望 那种 排除万难 悲情 成就感 不 知道 自己 迷恋 挫败 感觉 迷恋 痛苦 感觉 迷恋 万劫不复 结局,我不断的想要重复一个危机的过程，然后得到一个好的结局。我总是希望有什么事情发生，我总是希望自己被拯救，我总是希望那种排除万难的悲情和成就感。我不知道自己为什么迷恋于挫败的感觉，迷恋于痛苦的感觉，迷恋于万劫不复的结局。
隐忍 布局 一触即发 翻盘 讨酒 写信 广播 几个 事件 中 便 对 男主 内敛 思绪 窥见一斑 全片 除 精彩 外 多 积压 一种 对 自由 渴望 冲破 狭隘 牢笼 得到 海阔天空 结局 不 甚 美好 片中 上吊 老爷子 则 早已 磨灭 希望 消极 典型 意在 男主 形成 对比,隐忍布局与一触即发的翻盘，从讨酒、写信和广播几个事件中便能对男主内敛的思绪窥见一斑，全片除精彩外更多是积压一种对自由的渴望，冲破狭隘牢笼得到海阔天空，结局不甚美好。而片中上吊的老爷子，则是早已磨灭希望的消极典型，意在与男主形成对比。
今天 才 看 厉害 啊 这种 片 中国 不得不 说 男主 厉害 啊 聪明 机智 有点 心疼 老布,今天才看的，很厉害啊……这种片中国……不得不说男主很厉害啊，聪明，机智……有点心疼老布
所谓 造梦 就是 这样 给人以 希望 光明 令人 感受 到 一种 震撼,所谓造梦，大概就是这样，给人以希望与光明，令人感受到那一种震撼。
看 分数 这么 高 份 上 把 电影 看 一遍 的确 实至名归 一个 鲨堡 监狱 里面 囚犯 官员 似乎 这个 社会 众生相 典狱长 平时 道貌岸然 实则 不择手段 残酷 阴险 贪婪,看分数这么高的份上把电影看了一遍，也的确实至名归！一个鲨堡监狱里面的囚犯和官员似乎是我们这个社会的众生相。比如典狱长平时道貌岸然实则不择手段，残酷阴险贪婪…
片子 不错 但 始终 get 不到 网上 把 这部 片子 捧 到 神坛 点 哪,片子不错，但始终get不到网上把这部片子捧到神坛的点在哪
恐惧 让 沦为 囚犯 希望 让 重获 自由 肖申克 救赎,恐惧让你沦为囚犯，希望让你重获自由。——《肖申克的救赎》
野心 那样 一种 被 打倒 人 身上 看到 棒 东西 就是 野心 想要 好好 活让 羽毛 闪光 野心,野心。在那样一种被打倒的人的身上，你能看到的最棒的东西，就是野心，想要好好活，让羽毛闪光的野心。
原來 那個 鏡頭 來 自 這部 電影 總算 把 imdb 最高分 電影 看 評分 就 不 方便 給了,原來那個鏡頭是來自這部電影的。總算把imdb最高分的電影看了。但是我的評分就不方便給了。
善非 所 善恶 非所恶 这个 叫 肖申克 囚牢 里 囚禁 同化 扭曲 安迪 说 自己 运气 不好 阴差阳错 成为 替罪羊 所 监狱 经历 绝望 哪怕 有 错 已 赎 完罪 后来 洗 黑钱 逃税 钻 法制 漏洞 呢 瑞德 图书馆 那场 对话 说 会 清清白白 压抑 本片 高潮 处 汤姆 被 枪杀 安迪 越狱 有的是 时间 缺 希望,善非所善恶非所恶 这个叫肖申克的囚牢里囚禁同化扭曲 安迪说自己运气不好 阴差阳错成为替罪羊 在这所监狱经历绝望 哪怕他有错 也已赎完罪 但是后来的洗黑钱逃税钻法制的漏洞呢 他与瑞德在图书馆的那场对话 他说他会是清清白白 很压抑 本片高潮处 汤姆被枪杀安迪越狱 有的是时间缺的是希望
监狱 一座 有形 束缚 自由 多 被 无形 枷锁 束缚 着 除了 有 坚强 意志 聪慧 头脑 有 打破 各种 体制 世俗 勇气 当然 自由 相对 人能 拥有 绝对 自由 像安迪 一样 榜样,监狱是一座有形的束缚，我们的自由更多的是被许多无形的枷锁束缚着，除了要有坚强的意志，聪慧的头脑，你还要有打破各种体制世俗的勇气。当然自由是相对的，没有人能拥有绝对的自由。像安迪一样，他是榜样。
值得 看遍 电影 没 看过 看,值得看2遍以上的电影 没看过一定要看
看 时候 生病 困囿 医院 里 如同 监狱 片子 给 阴暗 回忆 可是 救赎 信念 给 人 启迪,看的时候生病困囿在医院里，如同监狱，这片子给了我很多阴暗的回忆。可是关于救赎关于信念，给了人启迪。
男主挺帅 挺 聪明 不然 玩 越狱,男主挺帅挺聪明的，不然怎么能玩越狱。。。
忙 着 生 忙 着 死 用 一把 鹤嘴锄 破解 这个 古老 命题 通往 梦想 之 蓝,要么忙着生，要么忙着死。他用一把鹤嘴锄破解了这个古老命题，通往梦想之蓝。
里面 一句 经典 台词 生活 不是 为了 生而活 而是 为了 活而生,里面一句很经典的台词，生活不是为了生而活，而是为了活而生。
心里 显然 不是 第一,在我心里显然不是第一
I guess it come down to a simple choiceget busy living or get busy dying 生命 归结为 一种 简单 选择 忙于 生存 赶着 去 死,"I guess it comes down to a simple choice:get busy living or get busy dying. 
生命可以归结为一种简单的选择：要么忙于生存，要么赶着去死"
猜 不到 结局 猜 不到 惊异,你猜不到的结局…猜不到的惊异…
这是 一个 感人 故事 希望 友谊 力量 类型 电影 一样 人们 知道 会 发生 什么 当然 当 看 这部 电影 时 会 一次 一次 感到 惊讶 会 落泪,这是一个非常感人的故事，关于希望和友谊的力量。与其他类型的电影一样，人们可以知道会发生什么，当然，但是当你看这部电影时你会一次又一次感到惊讶，甚至会落泪。
都 病人 渴望 活着 好好 活着 惧怕 生活,我们都是病人 渴望活着 好好的活着 却惧怕生活
真的 不 喜欢 不 好看 没 感觉,真的不喜欢，不好看，没感觉
读书 时为 老 图书 管理员 惋惜 自由 来得 太晚 不 来 后来 觉得 朝闻道夕 死 可 矣 不失为 一种 幸运,读书时为老图书管理员惋惜：自由来得太晚，不如不来。后来觉得，朝闻道夕死可矣，不失为一种幸运。
如今 这肖 申克 囚禁 着 整代人,如今这肖申克囚禁着整代人。
那片 海蓝 太不像话 那么 蓝,那片海蓝的太不像话了。。怎么可以那么蓝~~
看 一遍 原著 小说 觉得 这个 电影 还是 好看,看了一遍原著小说，觉得这个电影还是很好看
人 都 有 被 自己 设置 牢笼 所 禁锢 着 时候 光明 明天 希望 会 因此 沉沦 但 会 突破 战胜 赢得 自我 升华 这部 电影 告诉 似乎 就是 如此 每 一次 观赏 每 一次 感动 都 带给 满满的 希望,"很多人，可能都有被自己设置的牢笼所禁锢着的时候！没有光明，没有明天，没有希望！可能你会因此沉沦，但也可能会突破它，战胜它，最终赢得自我的升华！这部电影告诉我们的似乎就是如此！

    每一次的观赏，每一次的感动，都能带给我满满的希望！"
记住 希望 好事 也许 人间 至善 美好 事 永不 消失,“记住，希望是好事——甚至也许是人间至善。而美好的事永不消失。”
确实 经典 就是 人 信念 力量 吧 真 佩服 男主 脑袋,确实经典，就是人信念的力量吧，真佩服男主的脑袋
令人费解 經典,令人费解的經典
经典电影 看 完 以后 感触 不是 很大 额 随大流 给 个 四星,经典电影 看完以后感触不是很大 额 随大流给个四星
十年 过去 可算 把 片儿 给 看 其实 视听 语言 就 中规中矩 精品 通俗 故事 地方 就 直 给 叙述 非 呈现 想 讲述 东西 并 不 复杂 完全 理解 像 这部 死亡 诗社 放牛班 春天 会 获得 那么 高 大众 口碑 一种 通俗 不至于 庸俗 励志 一个 扎实 沉稳 故事 不过 摩根 弗里 曼 演技 真好 哦 以及 电影 情节 生动 体现 知识 就是 力量,十年过去了可算把这片儿给看了。。其实视听语言就很中规中矩，精品通俗故事，很多地方就很直给，是叙述而非呈现。而想讲述的东西也并不复杂。完全可以理解像这部、死亡诗社、放牛班春天为什么会获得那么高的大众口碑，是一种通俗而不至于庸俗的励志，是一个扎实沉稳的故事。不过摩根弗里曼演技真好。哦以及，电影情节生动体现了知识就是力量- -
Hope is a good thing maybe the best of thing and no good thing ever dy 让 人 振奋 大约 年前 哥哥 一起 看过 一遍 毫无 印象 一次 体会 酣畅淋漓 铭刻 于心 有 鸟儿 羽翼 如此 光辉 注定 不会 被 囚困,"""Hope is a good thing, maybe the best of things, and no good thing ever dies."" 太让人振奋了，大约7年前和哥哥一起看过一遍，但是毫无印象，这一次体会得酣畅淋漓，铭刻于心。有的鸟儿羽翼是如此光辉，他们注定不会被囚困。"
这些 墙 有趣 刚 入狱 时候 痛恨 周围 高墙 慢慢 地 习惯 生活 其中 会 发现自己 不得不 依靠 生存 就 叫 体制 化 瑞德 听闻 老布 死 后 说 一句 话 老布 都 围墙 中 度过 四五十年 早 外界 脱轨 无法 生存 陌生 环境 让 不 适应 到 想要 犯法 重新 回到 肖申克 监狱 绝望 自尽 大多数 人 都 会 被 惯性 推 着 往前走 逐渐 失去 自由 不单是 失去 身体 自由 连 灵魂 锁 那样 大小 空间 内 忙 着 死 还是 忙 着 活 不是 个 简单 选择 这个 选择 需要 更大 勇气 多 付出 不能 将心 束缚 不能 丢弃 希望 无论 身在 何处 坚持 最初 梦想 就是 这部 影片 久久 流传 原因 所在 吧,"“这些墙很有趣。刚入狱的时候，你痛恨周围的高墙；慢慢地，你习惯了生活在其中；最终你会发现自己不得不依靠它而生存。这就叫体制化。”这是瑞德听闻老布死后说的一句话，他和老布，都在这围墙中度过了四五十年，早已经与外界脱轨，无法生存。陌生的环境让他们不适应到想要再犯法以便可以重新回到肖申克监狱，最终绝望自尽。
或许我们大多数人都会被惯性推着往前走，逐渐失去自由，不单是失去了身体的自由，连灵魂也锁在了那样大小的空间内。而忙着等死还是忙着活，这不是个简单的选择。这个选择需要更大的勇气，更多的付出。不能将心束缚，不能丢弃希望，无论身在何处，坚持最初的梦想。
这可能就是这部影片久久流传的原因所在吧。"
不 只是 肖申克 救赎 内心 对 自己 救赎,不只是肖申克的救赎，也是我们内心对自己的救赎
说 不要 放弃 希望,他说，不要放弃希望。
第一条 规矩 不准 渎神 不准 滥呼 上帝 之名 把 信仰 寄托 神 把 贱命 交给 印象 挺 深刻,第一条规矩：不准渎神，不准滥呼上帝之名！”“把信仰寄托神，把贱命交给我。印象挺深刻的
哪怕 看到 这样 完美 结局 有 隐隐 不安 算不算 上 缺乏 安全感,哪怕看到了这样的完美结局，依然有隐隐的不安，算不算得上缺乏安全感。。。
经典 到 不 知道 用 什么 言语 来 评价,经典到不知道用什么言语来评价它
上 个 学期 全班同学 一起 看 心理 电影 下课 依旧 不舍 坐在 位置 上 盯 着 屏幕 看到 最后 嗯 活着 出来 信念 满满的 充斥 着 内心 如果 早就 死 四面 铜墙 里 哪 还有 后来 呢 人生 就是 这样 希望 伴着 绝望 那要 看 想 救赎 自己 还是 了结 罢了,上个学期全班同学一起看的心理电影，下课了依旧不舍的坐在位置上，盯着那屏幕，看到最后，嗯，他活着出来了。信念，满满的充斥着内心，如果是我，可能早就死在那四面铜墙里了，哪还有后来呢。人生，可能就是这样，总是希望伴着绝望，那要看你是想救赎自己还是了结罢了
好好 想想 中国 人 拍 打 几分,好好想想是中国人拍的打几分
完美 诠释 大仲马 洋洋万言 巨著 想要 告诉 人生 宝贵 两样 东西 等待 希望 关 小黑 屋 难熬 吧 有 莫扎特 陪 着 让 把 留声机 带进去 心里 就是 音乐 魅力 无法 把 身上 夺走 分秒 歌剧 影史 上 令人难忘 古典音乐 场景 之一 费加罗 婚礼 Sullaria 唱 希望 自由,完美诠释了大仲马洋洋万言的巨著想要告诉我们的：人生最宝贵的两样东西 等待和希望”关小黑屋很难熬吧 -有莫扎特陪着我 -他们让你把留声机带进去？-在我心里，这就是音乐的魅力 他们无法把它从你身上夺走“3分47秒的歌剧可能是影史上最令人难忘的古典音乐场景之一 费加罗婚礼Sull'aria唱的是希望和自由
蛮 值得一看 电影 精彩 肖申克 救赎 救赎 灵魂 渴望 自由 只要 有 希望 就 有,蛮值得一看的，电影很精彩。肖申克的救赎，救赎的是灵魂，渴望的是自由，只要有希望，就有可能。
看到 旧社会 黑暗 有 一种 心潮澎湃 人性 温暖,虽然看到了旧社会的黑暗，但是又有一种心潮澎湃，又有些人性的温暖。
鸟儿 永远 关不住 它们 每 一片 羽翼 上 都 沾满 自由 光辉 那些 高墙 挺 有意思 开始 时候 痛恨 它们 后来 就 适应 时间 久 变得 离不开 它们 依赖 它们 就是 体制 化 希望 件 美好 事 也许 世间 美好 东西 美好 事物 永不 消逝,"“有些鸟儿是永远关不住的，因为它们的每一片羽翼上都沾满了自由的光辉！”  
“那些高墙挺有意思，开始时候你痛恨它们，后来你就适应了。时间久了,你变得离不开它们依赖它们了。这就是体制化。” 
“希望是件美好的事，它也许是世间最美好的东西，而美好的事物永不消逝。”"
对 自由 渴望 不会 表现 出来 逃不过 自己 内心深处 渴望 哎 最后 才 发现 被 冤枉 看 都 纠结 死,对自由的渴望可能不会表现出来，但是逃不过自己内心深处的渴望！哎，最后才发现是被冤枉的，看的我都纠结死了！
希望 什么 即便 绝望 中 不 放弃 信念 是非 善恶 之虫 人 终究 渺小 希望 让 人 变得 伟大,希望是什么？即便在绝望中不放弃的信念。在是非善恶之虫，人终究是渺小的，而希望，让人变得伟大。
小时候 看 少年 看中 年 看 都 觉得 一般,小时候看，少年看，中年看，都觉得一般。
不管 身在 何处 记得 记得 善良 锋芒 记得 希望 为 何物 记得 自由 羽翼 如何 舒展 时刻 准备 着 张开 臂膀 暴雨 夜 突围,不管身在何处，要记得你仍是你，记得你的善良与锋芒，记得希望为何物，记得自由的羽翼该如何舒展，时刻准备着张开臂膀在暴雨夜的突围。
不错 但 被 严重 高估 表达 东西 比较 直白 粗暴 对 自由 禁锢 他人 施恶 于是 这种 苦难 只是 个体 偶然 断绝 普适性 探讨 人物 脸谱化 个人 英雄主义 泛滥 典型 好莱坞 商业 励志 片,还不错，但被严重高估。表达的东西比较直白粗暴。对自由的禁锢是由于他人施恶，于是这种苦难只是个体的偶然，断绝了更普适性的探讨。人物脸谱化，个人英雄主义泛滥，典型的好莱坞商业励志片
有 感觉 一部 片子 人性,很有感觉的一部片子。。人性
一个 天才 银行家 意外 发现自己 被 戴 绿帽子 失手 杀 自己 老婆 奸夫 被 关进 监狱 大人 其实 冤枉 吖 然后 监狱 开启 大神 模式 帮 监狱长 逃税 漏税 丰富 狱友 精神 文化 生活 跟 好 基友 并肩 斗智斗勇 监狱 官 以后 凭借 一把 鹤嘴锄 日夜 凿壁 一个 风雨交加 夜晚 成功 越狱 励志 吧,一个天才银行家意外发现自己被戴了绿帽子，“失手”杀了自己老婆和奸夫被关进监狱（大人！其实他是冤枉的吖），然后在监狱开启大神模式——帮监狱长逃税漏税，丰富狱友的精神文化生活，跟好基友并肩斗智斗勇监狱官……以后凭借一把鹤嘴锄日夜凿壁，在一个风雨交加的夜晚成功越狱！很励志吧
好久 不想 说 什么 感动 着 我加 这个 片子 时 的话 要说 真的 一部 装饰 精美 马路 片 说 这话 一点 不装 请 勇敢 站 出来 肖申克 作为 一部 电影 只是 中规中矩 好莱坞 流水线 产物 作为 励志 故事 摄影 做 很漂亮,好久了，不想说什么。但是，一直是感动着的...以上是我加这个片子时的话，现在我要说的是，这真的是一部装饰精美的马路片。说这话一点不装，请勇敢的站出来，肖申克作为一部电影只是中规中矩的好莱坞流水线产物~~~作为励志故事和摄影，做得已经很漂亮了~~~
好看 不 喜欢 有点 平淡,好看，我不喜欢。有点平淡
经典 不管 如何 都 不要 放弃 希望 即使 会 给 带来 危险,经典，不管如何都不要放弃希望，即使可能会给你带来危险。
其实 没 那么 好,其实没那么好
一起 看 励志 一部 电影 说明 拥有 一技之长 多么 重要 希望 件 好 东西 希望 有,和他一起看的，很励志的一部电影，也说明了拥有一技之长是多么重要……希望是件好东西，希望我也有。
一 开始 疑惑 这部 片 叫 肖申克 救赎 原来 这是 一部 自我 救赎 故事 忙 着 生 忙 着 死心 存 希望 就 会 有 奇迹,一开始还疑惑这部片为什么叫肖申克的救赎，原来这是一部自我救赎的故事，要么忙着生，要么忙着死，心存希望就会有奇迹
一部 女主角 无 关乎 情爱 经典 恐惧 让 沦为 囚犯 希望 让 重获 自由 共勉,"一部没有女主角无关乎情爱的经典
恐惧让你沦为囚犯，希望让你重获自由。共勉"
看 时候 正是 迷茫 人生 阶段 以前 有 听说 过 这个 片子 陆陆续续 看过 几次 都 没什么 印象 今天 刚好 有 时间 沉下 心来 看看 说实话 没 看 懂 是因为 这个 年纪 人生 阅历 太浅 看 网友 们 深刻 解读 以后 有点 感悟到 所谓 救赎 其实 就是 自己 外界 和解 监狱 里 相比 看似 都 自由 从来 感觉 到 幸福 爱 呢 就 像 活在 迷茫 焦虑 中 但 明明 自由 呀 被 什么 围墙 限制 起来 可 总 觉得 活 那么 痛苦 那么 黑暗 那么 希望 呢 Andy 说 希望 件 美好 事 Red 说 希望 件 危险 事 其实 个人 活 像 red 怕 犯错 被 自己 内心 条条框框 束缚 起来 想 去 找寻 自己 内心 自由,看它的时候，正是我在迷茫的人生阶段，以前我一直有听说过这个片子 你陆陆续续的看过几次 但是都没什么印象了 ，今天刚好有时间 沉下心来看看 ，说实话 我没怎么看懂 ，也可能是因为我这个年纪和人生阅历太浅了 ，但是看了很多 网友们的深刻解读以后 ，我大概有点感悟到了 ，所谓的救赎 ，其实就是和自己、外界和解，和监狱里的他们相比 ，我们看似都是自由的，但是为什么却从来没有感觉到幸福和爱呢？就像我现在一直活在迷茫和焦虑中， 但明明我是自由的呀，我也没有被什么围墙而限制起来 ，可我为什么总觉得活的那么痛苦 那么黑暗 那么没有希望 呢？ Andy说 希望是件美好的事 ，Red说 希望是件危险的事 ，其实我个人活的很像red ，我也怕犯错 我也被自己内心的条条框框束缚起来了，我也想去找寻自己内心的自由 。
永远 冷静 永不 绝望 才 救赎 最佳 途径,永远冷静，永不绝望才是救赎的最佳途径！
A cheap and reactionary film There is no redemption here but hope the hope of what What happens the next day when parole officer catch up with Red What happens to bringing the real culprit of Andys wife behind the bar Where is the PTSD of an institutional man There is no deep critique of prison economy here nor that of Americas CJS all we have is a few corrupt official outsmarted by a banker who of course ran away w all the money and is praised for it sound familiar The completely implausible figaro sequence cheapens the real struggle for freedom All of this is the stuff of cheap Hollywood,"A cheap and reactionary film. There is no ""redemption"" here, but ""hope"" (the hope of what?). What happens the next day, when parole officers catch up with Red? What happens to bringing the real culprit of Andy's wife behind the bar? Where is the PTSD of an ""institutional man?"" There is no deep critique of prison economy here, nor that of America's CJS (all we have is a few corrupt officials outsmarted by a banker who of course ran away w all the money and is praised for it, sounds familiar?). The completely implausible ""figaro"" sequence cheapens the real struggle for freedom. All of this is the stuff of cheap Hollywood."
监狱 里 高墙 实在 有趣 刚 入狱 时候 痛恨 周围 高墙 慢慢 地 习惯 生活 其中 会 发现自己 不得不 依靠 生存 就是 体制 化 记住 希望 好事 也许 人间 至善 美好 事 永不 消失 肖申克 救赎 什么,"监狱里的高墙实在是很有趣。刚入狱的时候，你痛恨周围的高墙；慢慢地，你习惯了生活在其中；最终你会发现自己不得不依靠它而生存。这就是体制化。
记住，希望是好事——甚至也许是人间至善。而美好的事永不消失。
肖申克的救赎到底是什么？"
恐惧 让 沦为 囚犯 希望 让 重获 自由 肖申克 救赎,恐惧让你沦为囚犯，希望让你重获自由。——《肖申克的救赎》 .
如果 不是 阿甘正传 一年 绝对 奥斯卡 最佳影片 这部 电影 一部 传奇 IMDb 豆瓣 时光 心中 永恒 经典 体制 化 害死 人 啊,如果不是与阿甘正传一年，绝对的奥斯卡最佳影片。这部电影是一部传奇，IMDb 豆瓣 时光和我们心中永恒的经典！体制化害死人啊
赏析 课看 电影 经典 有 深度 这样 电影 才 称得上 佳作,赏析课看的电影，很经典，很有深度，这样的电影才称得上佳作
不 容错过 经典电影,不容错过的经典电影。
人 感性 面对 残酷 环境 人 本能 反应 便是 奋力 抗争 当 这个 环境恶劣 到 程度 时人 抗争 之心 就 会 慢慢 被 消磨 殆尽 成为 行尸走肉 只要 还有 希望 都 抗争 不是 吗,人是感性的，面对残酷的环境，人本能的反应便是奋力抗争，而当这个环境恶劣到一定的程度时，人的抗争之心就会慢慢被消磨殆尽，成为行尸走肉。但是只要还有希望都要抗争到底不是吗？
懦怯 囚禁 人 灵魂 希望 令 感受 自由 强者 自救 圣者 渡人 经典,懦怯囚禁人的灵魂，希望可以令你感受自由，强者自救，圣者渡人。经典
是因为 知道 片子 怎么回事 觉得 有点 不够 震撼 是因为 以前 看过 越狱 没 新鲜感 总之 没 觉得 太好 头重脚轻,可能是因为我已经知道片子是怎么回事了，所以觉得有点不够震撼。也可能是因为以前看过越狱了，所以也没新鲜感了。总之，没觉得太好，头重脚轻的
下水道 逃生 看到 被 震撼 人 求生 意志 对 自由 向往 有多强 这部 电影 给 答案,从下水道逃生，看到这里我已经被震撼了。人的求生意志和对自由的向往有多强，这部电影给你答案
很棒 一部 电影 一部 完全 不 需要 女主 女配 电影 有时候 想想 国产片 走不出 国门 觉得 广电 有 责任 不许 拍 不许 拍 就 类型 电影 喜欢 类型 越狱 题材 还有 美剧 越狱 看 第一部 美剧 真的 好好看 国家 电影 电视剧 这种 类型 题材 万恶 广电,很棒的一部电影，一部完全不需要女主女配的电影。有时候想想，我们国产片为什么走不出国门，我觉得广电也有一定责任，这不许拍那不许拍，就比如这类型的电影，很喜欢这类型的越狱题材，还有美剧的越狱，我看的第一部美剧，真的好好看。我们国家的电影或电视剧，基本没有关于这种类型的题材。万恶的广电
剧本 有 问题,剧本有问题。
Hope is everything,Hope is everything.
每当 失意 时刻 都 有 这部 片子 相伴 竟然 点 看过 一个 玩笑 清楚 记得 安迪 大家 楼顶 喝啤酒 露出 微笑 一个 标志性 转折 隐忍 每次 回忆起 都 格外 感动 导演 都 没想到 这部 作品 中国 权威 电影 网站 里 雄居 榜首 好多年,每当我之前的最失意时刻，都有这部片子相伴。竟然没有点看过，大概是一个玩笑。清楚记得安迪和大家在楼顶喝啤酒露出的微笑，那是一个标志性的转折。而后的隐忍，每次回忆起，我都格外感动。或许导演都没想到，他的这部作品能在中国最权威的电影网站里雄居榜首好多年。
也许 这个 电影 拍 第一名 是因为 不同 年龄段 看 就 会 有 不同 感受 说实话 看 懂 剧情 希望 年 后 看会 明白 人生 意义,也许，这个电影能拍第一名是因为在不同的年龄段看就会有不同的感受。说实话，我现在只看懂了剧情，希望在30年后我再看会明白人生的意义。
httpwwwbigheadcnp,http://www.bighead.cn/?p=34
不错 但 不至于 第一,还不错，但也不至于第一。
看 完 沒 有 身邊 所有人 說 那樣 激烈 情緒 出現 感動 也好 激奮 也好 觸動 什麼 哭 出來 都 沒 有 只是 覺得 做 一切 真的 正常 平常 不過 事情 身處 其中 不會 有別 選擇 去 做 除了 選擇 自由 信仰 沒 有別 答案 走 這是 唯一 該 做,"我看完它沒有身邊所有人說的那樣激烈的情緒出現，感動也好，激奮也好，又或者是觸動了什麼哭出來，我都沒有。
我只是覺得，他做的一切真的是再正常再平常不過的事情。身處其中，我不會有別的選擇要去做，除了選擇自由和信仰我沒有別的答案。
走，這是我唯一該做的。"
看过 多遍 对 人性 方面 都 有 独到 阐述 理解 每看 一次 都 有 不同 体会,看过太多遍了，对人性的许多方面都有独到的阐述和理解，每看一次都有不同体会
也许 类似 故事 看得 太多 以致 无法 给出 五星,也许是类似的故事看得太多了，以致我无法给出五星
影片 主人公 用 二十年 时间 救赎 自己 罪 最后 获得 重生 时候 真诚 欣慰 源于 不靠 戏剧性 转折 只靠 执着 坚持 人们 喜欢 看 越狱 题材 电影 想 不 剧情 刺激 多 时刻 都 憧憬 着 冲破 身体 上 枷锁 精神 上 牢狱 这是 精神 补偿 表现,影片的主人公用了二十年的时间，救赎自己的罪，最后获得重生的时候，我们真诚的欣慰是源于他不靠戏剧性的转折，只靠执着与坚持。人们总是喜欢看越狱题材的电影，我想不只因为剧情刺激，更多的是，我们时刻都憧憬着冲破身体上的枷锁和精神上的牢狱，这是我们精神补偿的表现。
看 哭 经典 中 经典,看哭，经典中的经典
喜欢 里面 一句 话 希望 好事 也许 人间 至善 美好 事 永不 消逝 经典 片子,很喜欢里面的一句话，希望是好事，也许是人间至善，而美好的事永不消逝。很经典的片子
就算 这个 监狱 牢固 围墙 多 下水道 再长 永远 困 不住 永远,就算这个监狱再牢固，围墙再多，下水道再长，也永远困不住他，是永远。
不得不 说 能触 碰到 人心 细腻 打动,不得不说很能触碰到人心，细腻的打动你
特效 打斗 大部分 都 监狱 里 人们 交谈 场景 这是 一部 触摸 到 灵魂 电影,没有特效  没有打斗 大部分都是监狱里的人们交谈的场景   这是一部能够触摸到灵魂的电影。
有 二十年 时间 都 不想 看 这片 人 所 称赞 美德 一般 都 挺 让 犯 恶心 本来 只想 清理 一下 硬盘 看 二十分钟 开始 觉得 不妙 片子 完成度 太高 精致 演员 到 布景 到 化妆 构成 节奏 运镜 搞 出 一个 我想糊 导演 一脸 童话 结局 还是 没法 给 减星,我有二十年时间都不想看这片，因为人所称赞的美德一般都挺让我犯恶心的。本来只想清理一下硬盘，看了二十分钟开始觉得不妙，这片子完成度太高太精致了。从演员到布景到化妆，构成和节奏和运镜。所以虽然搞出一个我想糊导演一脸的童话结局，我还是没法给它减星。
自由 不 外面 在于 内心 唯有 自我 救赎 才 出口,自由不在外面，而在于内心，唯有自我救赎才是出口
有 人 羽翼 如此 光辉 即使 世界 上 黑暗 牢狱 无法 长久 地 将 围困 忙 着 生存 赶着 去 死 人 做点 什么,有的人的羽翼是如此光辉，即使世界上最黑暗的牢狱，也无法长久地将他围困！所以，要么忙着生存，要么赶着去死！ 人总是要做点什么的……
看到 有 恶意 打一星 才 想 起来 没 打分 呢 前两天 表哥 装 文艺 说 跟 推荐 个 电影 问 什么 电影 说 肖申克 救赎 神经病 肖申克 救赎 推荐 啊,看到有恶意打一星的才想起来我还没打分呢！前两天我表哥装文艺说跟我推荐个电影，我问他什么电影，他说《肖申克的救赎》，神经病！《肖申克的救赎》还要你推荐啊！
Freedom,Freedom
不必 对比 什么 作为 里程碑 无敌,不必对比什么 作为里程碑他已经无敌
年 看 第一部 时候 就 想着 回国 如果 这样 剧组 工作 就 好 结果 今年 就 真的 这部 片尾 字幕 有荣 焉 今天 想念 组里 朋友 们,2019年看第一部的时候就想着，回国之后如果能在这样的剧组工作就好了，结果今年就真的在这部的片尾字幕了。🥰与有荣焉。今天很想念组里的朋友们。
原来 人死 后 继续 干 生前 活儿 真的,原来人死后还要继续干生前的活儿是真的。
刘德华 那条 线 给 整个 电影 情节 优化 不止 一点儿 溺水 后 推开 门 那一刻 瞬间 这是 国产电影 有 剧情 吗,刘德华那条线，给整个电影情节优化了不止一点儿，尤其是溺水后推开门的那一刻，我瞬间：“这是国产电影能有的剧情吗？”
这是 俄罗斯 型号 安全 保险 只有 两个 扳机,“这是俄罗斯的型号，没有安全保险，只有两个扳机。”
三星 半 郭帆 拍片 恳切 场景 设计 视效 细腻 度 上 被 展现 淋漓尽致 一次 拉高 中国 科幻 作品 工业 水准 雪健 老师 依旧 老辣 刘德华 则 收获 近年来 最有 挑战 角色 可惜 这部 续作 叙事 层面 太过 松散 刘培强 图恒宇 两条 主线 并行 给 周喆直 超大 篇幅 以至于 情节 取舍 变得 犹疑不决 对 节奏 先行 科幻片 来说 大忌 角色 篆刻 比重 系列 未来 第一 优先 做 功课,三星半。郭帆拍片的恳切，在场景设计和视效的细腻度上，被展现得淋漓尽致，又一次拉高了中国科幻作品的工业水准。雪健老师依旧老辣，刘德华则收获了近年来最有挑战的角色。可惜的是，这部续作在叙事层面太过松散，刘培强、图恒宇两条主线并行，还要给周喆直超大篇幅，以至于情节取舍变得犹疑不决，这对节奏先行的科幻片来说是大忌。角色的篆刻比重，是该系列在未来第一优先要做的功课。
流浪 地球 系列 单枪匹马 把 中国 科幻电影 提升 到 世界级 水平 不是 老套 个人 英雄主义 冒险 故事 而是 一个 宏大 全人类 史诗 分钟 片长 三条 缺乏 交互 故事 线慢 热 节奏 劝 退路 人 冗长 数字 生命线 确实 讨好 影迷 科幻 迷可 无疑 提高 对 广大 路人 门槛 豆瓣 用户 狂吹 刘德华 线 但 电影院 里 刘德华 线 让 观众 低头 玩 手机 年月日 刘培强 先生 生日快乐 就 世界末日 房价 才 会 跌 最后 这不比 阿凡 达 家庭 伦理 美式 霸凌 好看,"《流浪地球》系列，单枪匹马，把中国的科幻电影提升到世界级水平。
这不是老套的个人英雄主义冒险故事，而是一个宏大的全人类史诗。
但是，173分钟的片长，三条缺乏交互的故事线，慢热的节奏，劝退路人的冗长数字生命线，确实是讨好了影迷与科幻迷，可无疑也是提高了对广大路人的门槛。
豆瓣用户狂吹刘德华线，但电影院里刘德华线却让很多观众低头玩手机。
2023年1月22日，刘培强先生，生日快乐！
可能也就世界末日了，房价才会跌。
最后，这不比《阿凡达2》的家庭伦理与美式霸凌好看?"
故事 冗长 且 稀碎 想 讲 多 一样 都 完全 说 清楚 全程 给 妈 讲解 坐 旁边 全程 给 妈 讲解 其实 年 那段 塞 这部 里 必要 生命 文明 现实 虚拟 只有 标签 口号 智性 讨论 全程 就是 看 一群 固执 爹 抗拒 自然 不 被 任何人 事 说服 动摇 强行 按 自己 意志 支配 地球 地球 上 所有 生命 并 称之为 勇气 前脚 才 感叹 人类 把 最强 密码 用 互相攻击 武器 上 后腿 就 把 人类 分成 一面 想当 老大 任何人 都 正确 伟大光荣 听 就 对 一面 装和气 为 全人类 考虑 为 伟大光荣 正确 决策 所 造成 后果 承担责任 不是 想 搞 强霸全 片刻 意 制造 笑 点 都 这种 啥 啥 自我 矛盾 好笑,故事冗长且稀碎。想讲的太多，一样都没有完全说清楚。我全程给我妈讲解，坐我旁边的也在全程给他妈讲解。其实2044年那段没有塞在这部里的必要。关于生命和文明，现实和虚拟，只有标签和口号，没有智性的讨论。全程就是看一群固执的爹抗拒自然，不被任何人和事说服甚至动摇，强行按自己的意志支配地球和地球上的所有生命，并称之为「勇气」，前脚才感叹「人类把最强的密码用在了互相攻击的武器上」后腿就把人类分成「我们的」和「你们的」一面想当老大「我们比你们其他任何人都要正确伟大光荣，听我们的就对了」一面装和气「我们是为全人类考虑，是在（为我们伟大光荣正确的决策所造成的后果）承担责任，不是想搞强霸」，全片刻意制造的笑点，都没有这种又啥又啥的自我矛盾好笑。
笨笨 军犬,笨笨！！你是军犬！！
预期 好 就是 个 纪录片 情节 平淡 佩服 李雪健 屁事 都 没 做 什么 情况 都 不 知道 就 信心 最足 信念 坚定 真 都 来 做 决定 都 玩完,没有预期好，就是个纪录片，情节太平淡。最佩服李雪健，屁事都没做，什么情况都不知道，就他信心最足，信念坚定，要真都他来做决定，都得玩完。
看 人 说 红 爹 感觉 确实 有点儿 点 完头 想 美国 哪部 电影 不是 蓝 宇宙 第一,我看有些人说又红又爹，感觉确实有点儿。但是点完头我又想，美国哪部电影不是又“蓝”又“宇宙第一”？
刘德华 那条 线 有点儿 意思 为 这个 系列 电影 开启 新 维度 太长 删减 强制 煽情 正 能量 短 min,刘德华那条线有点儿意思，为这个系列电影开启了新维度。太长了，删减强制煽情正能量能短30min。
低开 高 走 前 半小时 脚趾 抓地 刘培强 爱情 线 真的 很尬 那个 女性 胸部 特写 后 韩 朵朵 生气 厌恶 郭帆 这种 任何 笑点 恶趣味 图恒宇 线 救回来 华仔 真的 神 p 朱颜 曼滋 适合 这种 角色 喜欢 颜,低开高走，前半小时脚趾抓地，刘培强的爱情线真的很尬，那个女性胸部特写后韩朵朵生气，我非常非常厌恶郭帆这种没有任何笑点的恶趣味。图恒宇的线救回来了，华仔真的神。ps朱颜曼滋很适合这种角色，喜欢她的颜。
看 完 大年初一 就 电影院 哭 那种 天斗 人斗 命运 斗 为了 未知 未来 理想 奋斗 中式 硬核 浪漫 让 人 心潮澎湃 李雪健 那个 角色 大会 发言 真的 超牛大 刘 笔下 科幻 真是 处处 有着 中国 人 特有 务实 真诚 好 喜欢 电影 真的 太特 么 牛批,看完了，大年初一就在电影院哭了，那种与天斗与人斗与命运斗只为了未知的未来和理想奋斗的中式硬核浪漫让人心潮澎湃。李雪健那个角色在大会的发言真的超牛，大刘笔下的科幻真是处处有着中国人特有的务实和真诚，好喜欢，这电影真的太特么牛批了！
看到 沙溢 扮演 师傅 喊 出 五十岁 出列时 还是 忍不住 落泪,看到沙溢扮演的师傅喊出五十岁以上的出列时还是忍不住落泪
宏大 空洞 前卫 土气,宏大又空洞，前卫又土气
放 几年 前 我会 跟着 愤青 一起 骂骂 故事 写 不好 骂 节奏 但 其实 阅片量 来讲 根本 不 懂 这些 无非 就是 跟风 黑 显得 自己 多 专业 一样 呢 有 一部 电影 个 小时 让 不困 让 感慨 让 跟着 思路 去 走 看到 中国 电影 人 走向世界 野心 就 足够,放几年前，我会跟着愤青一起骂，骂故事写的不好，骂节奏，但其实我的阅片量来讲根本不懂这些。无非就是跟风黑，显得自己多专业一样。现在呢？有一部电影3个小时让我不困，让我感慨，让我跟着它的思路去走，还能看到中国电影人走向世界的野心，就已经足够了。
四星 一星 鼓励 值得 八分 佳作 还有 不 理解 看 会 睡觉 一般 不感兴趣 看 骂 依托 答辩 都 什么 脑 回路 美国 拍 科幻片 就 泛滥 煽情 主旋律 中国 就 不能 吧 美国 就 输出 中国 就 不能 吧 再说 真 没 看 出来 有 多 主旋律 硬说是 主旋律 的话 认为 人类 命运 共同体 星际 穿越 有 亲情 生 孩子 没 问题 到 流浪 地球 就 催婚 催生 吧 星际 穿越 里 美国 人 拯救 全人类 流浪 地球 里 中国 人 就 不能 拯救 世界 吧 星际 穿越 里 抛弃 一大部分 人类 然后 一小部分 人类 放弃 地球 太阳系 去 新 星球 生存 流浪 地球 就 不能 有家国 情怀 带 着 剩余 一半 人类 地球 去 寻找 新家园 吧 只能 说 戴 有色眼镜 去 看 总能 鸡蛋里挑 出来 骨头 当然 上述 这些 好 兄弟 宸 老师 豆瓣 搜 到 以及 亲身经历 有 输出,四星+一星鼓励，值得八分以上的佳作！还有我不理解 看了会睡觉一般是不感兴趣 看了骂依托答辩的都是什么脑回路。美国拍科幻片就能泛滥煽情主旋律，中国就不能是吧。美国就能输出，中国就不能是吧。再说了，我是真没看出来有多主旋律了，要硬说是主旋律的话我认为是人类命运共同体。《星际穿越》可以有亲情，生孩子没问题，到《流浪地球》这就催婚催生了是吧?《星际穿越》里美国人可以拯救全人类，《流浪地球》里中国人就不能拯救世界了是吧?《星际穿越》里可以抛弃一大部分人类，然后一小部分人类放弃地球和太阳系去新星球生存，《流浪地球》就不能有家国情怀，带着剩余一半的人类和地球去寻找新家园是吧?我只能说戴有色眼镜去看总能在鸡蛋里挑出来骨头。当然，上述这些是我好兄弟宸老师（豆瓣可以搜到）以及我亲身经历而有的输出。
第部 好看 中国 科幻电影 需要 多 小破球,比第1部好看。中国科幻电影需要更多的小破球
建议 把 网络 服务中心 迁移 到 高原 上来,我的建议是，把网络服务中心迁移到高原上来
纯直 男 视角 无趣 级 女性 妻子 母亲 女儿 但 不是 战友 女性 发言人 角色 连 群像 塑造 都 不算 顶多 个 符号 女性 宇航员 背景 韩 朵朵 本 以为 有 大 功能 结果 后面 只是 结婚 生 个 孩子,纯直男视角，无趣级了。女性是妻子是母亲是女儿，但不是战友。女性发言人角色连群像塑造都不算，顶多是个符号，女性宇航员是背景，韩朵朵本以为有更大的功能，结果后面只是结婚生了个孩子。
四星 半 流浪 地球 第一部 进步 并 将 国产 科幻 大片 提升 到 前所未有 高度 世界观 足够 硬核 动作 场面 特效 更加 恢弘 更加 细致 对 太空 电梯 呈现 惊艳 剧作 上 扎实 两次 大型 危机 太空 电梯 危机 月球 坠落 危机 两种 理念 冲撞 数字 生命 计划 移山 计划 两个 一体 两面 主角 冲突 线 明晰 人物 群像 立体 同时 周喆直 就是 新 时代 愚公 难怪 这个 角色 请 李雪健 老师 来演 影片 对 愚公移山 这样 中国 精神 有 更加 丰富 有力 传达 区别 好莱坞 大片 根本 所在,四星半。《流浪地球2》比第一部进步很多，并将国产科幻大片提升到了前所未有的高度。世界观足够硬核，动作场面与特效更加恢弘也更加细致，尤其是对太空电梯的呈现，太惊艳了。剧作上也更扎实了，两次大型危机（太空电梯危机、月球坠落危机）、两种理念冲撞（数字生命计划与移山计划）、两个一体两面的主角……冲突线明晰，人物群像立体。同时，周喆直就是新时代的愚公，难怪这个角色要请李雪健老师来演。影片对愚公移山这样的中国精神有了更加丰富有力的传达，这也是区别于好莱坞大片的根本所在。
野心 满满 想 讲 东西 太多 叙事 节奏 反而 就 出 大 问题 整成 编年史,野心满满，想讲的东西太多了，叙事节奏反而就出了大问题……整成了编年史
不要 破坏 太空 电梯 以后 坐,不要破坏太空电梯！我以后要坐的！
照 古人 月亮 将要 毁灭 今人 进化 后 系统 阻挡 人类 存续 人类 制造 复杂 密码 用于 相互 毁灭 诞生 伟大 文明 用于 股骨 愈合 宇宙 里 小小白 点 一切 移山 让 人类 未来 有 方向 科技 让 数字 生命 成为 要活 电缆 里 荧屏 中 让 意识 自主 永恒 还是 心怀 蓝天 让 躯体 等到 鲜花 挂满 枝头 瞬间,照古人的月亮将要毁灭今人，进化后的系统阻挡人类存续。人类制造复杂的密码用于相互毁灭，也诞生伟大的文明用于股骨愈合。宇宙里的小小白点是我们的一切，移山让人类的未来有了方向，科技却让数字的生命成为了可能。我们要活在电缆里荧屏中让意识自主永恒，还是心怀蓝天让躯体等到鲜花挂满枝头的瞬间。
刚看 完 特效 国产 最顶 故事情节 也好 演员 全部 演 好,刚看完，特效国产最顶，故事情节也好，演员全部演的好
感谢 罗兰 艾默里 奇 好 兄弟 郭帆 为 奉上 月球 陨落 姊妹篇 请 让 代表 全人类 向 剧组 致敬 献上 月球 陨落 多一星 敬意 p 真的 有人 觉得 特效 进步 吗 pps 看 完 半个 小时 忘 发生 些 啥,感谢罗兰·艾默里奇的好兄弟郭帆为我们奉上的《月球陨落》姊妹篇，请让我代表全人类向剧组致敬，献上比《月球陨落》多一星的敬意 p.s. 真的有人觉得这特效是进步了吗 p.p.s. 现在看完半个小时我已经忘了发生了些啥？
刘德华 那条 线 简直 哭 瞎 演技 炉火纯青 到 控制 微 表情 细微 动作 工作人员 让 写 遗嘱 淡淡地 说 不 知道 写给 谁 还有 年 没见 女儿 然后 再次 见到 那幕 以及 死后 数据 里 女儿 重逢 害 哇 一下 哭 到 坐 旁边 人 直接 吓 到 宁理 老师 明 知道 要死 还是 忍不住 会 哭 出 影院 眼睛 都 肿 气到 直 骂 兄弟 哪有 人选 大年初一 来看 煽情 片 如果 剪掉 煽情 点 主旋律 正 能量 这部 片 科幻 概念 视觉 呈现 超乎 意料 只有 中国 导演 才 懂 思乡 回家 对 中国 人 意义 如此 重大 吴京 老婆 患癌 说 着 回 上海 他载 飞回 一片 废墟 上海 那个 场景 真是 无尽 悲凉 心里 响起 一句 话 家 人 智慧 科学 人 灵魂 情感 这部 片 好 地 结合 理性 感性 太棒了 就是 求别 煽情,刘德华那条线简直要哭瞎，他现在演技炉火纯青到可以控制微表情和细微动作，在工作人员让他写遗嘱他淡淡地说“我不知道要写给谁”，还有14年没见女儿然后再次见到的那幕，以及死后在数据里与女儿重逢，害我“哇”一下哭到坐我旁边的人直接吓到；宁理老师也是，明知道他要死，还是忍不住会哭，出了影院眼睛都肿了，气到我直骂我兄弟哪有人选大年初一来看煽情片的；如果可以剪掉煽情点和主旋律和正能量，这部片的科幻概念与视觉呈现是超乎意料的；但是也只有中国导演才懂“思乡”“回家”对中国人的意义如此重大，吴京老婆患癌说着要回上海，他载她飞回一片废墟的上海，那个场景真是无尽的悲凉，我心里响起了一句话：“我们没有家了。”人的智慧在科学，而人的灵魂在情感，这部片很好地结合了理性和感性，太棒了（就是求别太煽情）。
图恒宇 惦记 女儿 老婆 那场 车祸 一起 去世 啊 啊 真的 中国 女人 一生 就 只有 母亲 妻子 身份 吗 还有 韩 朵朵 作为 一个 医疗 兵连 救治 伤员 戏份 都 存在 意义 为了 突出 刘培强 个 保护 老婆 好 丈夫,所以为什么图恒宇只惦记他女儿。。那他老婆也是那场车祸一起去世的啊。。啊我真的是，中国女人的一生就只有母亲和妻子的身份了吗。还有韩朵朵作为一个医疗兵，连救治伤员的戏份都没有，那她存在的意义是？只为了突出刘培强是个可以保护老婆的好丈夫？
笨笨 条 军犬,笨笨  你是条军犬！
建议 前面 一 小时 一剪 没,建议前面一小时一剪没。
阿喀琉斯 不过 为了 自己 友伴 帕特罗 克罗斯 选择 去 死 执行 机械 起爆 老 飞行员 们 却是 为了 整个 人类 选择 去 死 并 把 生 希望 留给 下一代 这种 对 not to be 讲法 不 存在 西方 传统 里 中国 刘慈欣 大义 还是 借用 一句 荷马史诗 来 描绘 刘培强 师傅 上 一辈 下一辈 命运 传承 人类 如 落叶 一代代 凋零 一代代 繁荣 第一幕 太空 电梯 戏 特效 拉 月球 戏 特效 真的 好 身临其境 第一幕 整体 结构 上 还是 传统 三幕 式 电影 但 叙事 跳跃 有 原著 里 那种 编年史 壮阔 感 李雪健 老师 表演 太好 中山装 太帅 刘德华 对 角色 表演 方面 无可挑剔 但 剧作 方面 来讲 这个 角色 不同于 刘培强 前作 设定 只能 男性 写成 女性 角色 交给 女性 去演 单一 男性 视角 刘慈欣 作品 唯一 缺陷,"阿喀琉斯不过是为了自己的友伴帕特罗克罗斯而选择去死，执行机械起爆的老飞行员们却是为了整个人类而选择去死，并把生的希望留给下一代。这种对not to be的讲法不存在于西方传统里，是中国与刘慈欣的的大义。然而还是要借用一句荷马史诗来描绘刘培强与他师傅、上一辈与下一辈的命运传承——人类如落叶，一代代凋零，一代代繁荣。
第一幕太空电梯戏特效拉了，之后的月球戏特效真的好，身临其境。第一幕之后虽然整体结构上还是传统三幕式电影，但叙事的跳跃有了原著里的那种编年史的壮阔感。
李雪健老师的表演太好，中山装太帅
刘德华对他的角色在表演方面无可挑剔，但从剧作方面来讲，这个角色，不同于刘培强因为前作的设定只能是男性，可以写成女性角色，交给女性去演。单一的男性视角是刘慈欣作品的唯一缺陷。"
特效 五星 创意 五星 作为 女性 给 扣 两 星图 恒宇 开车 转头 导致 妻女 车祸 身亡 对 女儿 思念 愧疚 追忆 妻子 仿佛 就是 生育 工具 此后 只字未提 为了 女儿 多次 置 拯救 人类 大 事业 旁 强行 凹 父爱 人设 讨人嫌 韩 朵朵 作为 本片 中一 开始 刘培强 两人 强强 组合 女性 角色 最后 安排 一个 相夫教子 得病 去世 结局 沦为 体现 刘培强 铁汉 柔情 好 丈夫 好 爸爸 人设 走上 英雄 之 路上 重要 工具 人 还有 多次 巧合 卡 时间 成功 发射 成功 启动 来 制造 紧张感 让 人略感 不适 巧合 多 反而 弄巧成拙,特效五星，创意五星，但是作为女性，我给它扣两星。图恒宇开车转头导致妻女车祸身亡，他却只对女儿思念愧疚追忆，妻子仿佛就是生育工具，此后只字未提，为了女儿还多次置拯救人类大事业于旁，强行凹父爱人设讨人嫌。韩朵朵作为本片中一开始与刘培强两人强强组合的女性角色，最后也安排了一个相夫教子，得病去世的结局，沦为体现刘培强铁汉柔情好丈夫好爸爸人设和走上英雄之路上的重要工具人。还有多次巧合的卡时间成功发射和成功启动来制造紧张感，让人略感不适，巧合多了反而弄巧成拙。
当年 看 完 第一部 还是 蛮 喜欢 觉得 试图 人类 有限 里 去 探索 一种 无限 尽管 这有 很大 自我 感动 嫌疑 一部 看 完 不适 观感 进一步 加重 尽可能 放大 所谓 人类 情感 联结 全片 看 下来 超级 累 满脑子 蹦出来 都 四个 字大而 无用 大 之一 在于 肿大 叙事 上 感觉 冗余 累赘 三条 线 串联 笨 松散 且 有点 重复 大 之二 在于 自大 甚至于 接近 膨胀 各种 主义 情绪 滋生 这点 就 不 展开 说 大 之三 在于 夸大 夸大 美学 场景 设定 左淹 自由 女神像 右爆 悉尼歌剧院 东方明珠 只露 个 塔尖 鸟巢 沉入 海底 大 裤衩 淹到 脚底 当然 并 不 影响 啥 但 就是 觉得 没 啥 必要 对 所有 一 见面 就 揶揄 女性 自 以为 好笑 直 男 台词 感到 反感 工业 层面 看 自然 无懈可击 第一步 迈出 去 但 总归 觉得 好像 有点 使劲 错 方向,当年看完第一部还是蛮喜欢的，觉得它试图在人类的有限里去探索一种无限，尽管这有很大的自我感动的嫌疑。但是这一部看完，不适的观感进一步加重了，尽可能放大所谓人类的情感联结，但是全片看下来超级累，满脑子蹦出来的都是四个字：大而“无用”。大之一，在于肿大，叙事上感觉特别冗余累赘，三条线串联得很笨，松散且有点重复。大之二，在于自大，甚至于接近膨胀的各种主义情绪滋生，这点就不展开说了。大之三，在于夸大，夸大的美学和场景设定，左淹自由女神像右爆悉尼歌剧院，东方明珠只露了个塔尖，鸟巢已经沉入海底了，大裤衩却只淹到脚底，当然这也并不影响啥，但就是觉得，没啥必要。而且，对所有一见面就揶揄女性自以为好笑的直男台词感到反感。工业层面看自然是无懈可击的，第一步也已经迈出去了，但总归是觉得，好像有点使劲错了方向。
第一部 视野 磅礴 有 更加 深入 思考 刘德华 那条 数字 生命 计划 线 为 第三部 埋下 彩蛋 不 喜欢 李雪健 最后 点火 时 迷 之 自信 沙溢 岁 出 列 充斥 着 强烈 自我 感动 群体 绑架 喜欢 人物 宁理 马兆 代表 理性 之光 只有 人类 存在 意义 人类 之 万物 地位 才 理性,比第一部的视野磅礴，有更加深入的思考，尤其是刘德华的那条数字生命计划线，也是为第三部埋下的彩蛋。特别不喜欢李雪健最后点火时的迷之自信和沙溢的50岁以上出列，充斥着强烈的自我感动和群体绑架。最喜欢的人物是宁理的马兆，代表理性之光，只有在他那里，人类存在的意义和人类之于万物的地位才是最理性的。
异国他乡 看 电影 结束 后 整个 IMAX 人 都 鼓掌 中国 牛 逼,异国他乡看的电影 结束后整个IMAX的人都在鼓掌 中国牛逼！！！
分 特效 顶级 但凡 多花 万 编剧 上 故事 不至于 碎成 这样 剧本 真的 敢 说 我行 上 方方正正 刚直不阿 一块 一块 互相 都 不 粘连 跟 旅行 vlog 一样 看 太空 电梯 看 刘培强 结婚 看 月球 危机 看 互联网 基地 感动 点 都 知道 导演 感动 但 始终 入 不了 戏 不敢 动 隔壁 满江红 有个 热 评说 感动 不是 电影 而是 满江红 这首 词球 套用 这个 评论 感动 不是 电影 而是 中国 伟大 崛起,"75分。
特效顶级，但是但凡多花1000万在编剧上，故事也不至于碎成这样。这剧本我真的敢说“我行我上”，方方正正，刚直不阿，一块是一块，互相都不粘连。跟旅行vlog一样，你看这里是太空电梯，你看这里是刘培强结婚，你看这里是月球危机，你看这是我们的互联网基地……每个感动的点我都知道导演要感动，但我始终入不了戏，不敢动。隔壁《满江红》有个热评，说“感动你的不是电影，而是满江红这首词”，《球2》也可以套用这个评论：“感动你的不是电影，而是中国的伟大崛起”。"
特效 无敌 真正 意义 上 有 中国 价值观 国际 大片 三个 小时 观影 时间 完全 饱满 故事 讲 紧凑 且 清晰 最后 夸 下沙 溢哥 做到 拥有 好 演技 录再 多 综艺 不让 人出 戏,特效无敌！是真正意义上有中国价值观的国际大片。三个小时的观影时间完全饱满，故事讲的非常紧凑且清晰。最后夸下沙溢哥，做到了拥有好演技，录再多综艺也不让人出戏。
这部 前传 故事 续集 电影 可 不止 比一好 一点 完全 巨大 跨越式 进步 真的 百尺竿头更进一步 到 难难 战胜 怀疑 从无到有 开创 新路 到 难 在于 如何 给出 多 惊喜 提高 标准 这次 电影 给出 都 不止 惊喜 而是 震惊 方方面面 巨大 提升 以及 背后 巨大 工作量 所 需要 挑战 事物 令人 肃然起敬 加油 吧 期待,这部前传故事的续集电影，可不止比一好一点，完全是巨大的跨越式进步，真的是百尺竿头更进一步。从0到1很难，难在战胜怀疑从无到有开创新路；而从1到2的难在于如何给出更多的惊喜和提高标准。这次电影给出的都不止惊喜，而是震惊了！方方面面的巨大提升，以及背后巨大的工作量和所需要挑战的事物，令人肃然起敬。加油吧！期待3！
看 流浪 买 一张 票 就 看到 太空 漫游 源代码 银翼 杀手 星际 穿越 看到 吴京 强加 一段 太空 版 男儿本色 这么 一看 挺值 只是 忍受 巨慢 三个 半小时 以及 动不动 就 硬来 煽情 文化 自恋 流浪 凭借 文化 自恋 式 宣发 搔到 那些 自诩 站 起来 人 痒 处 票房 赚麻 导演 尝到 甜头 流浪 干脆 就 用 上 痒痒 挠 那个 年轻 女 发言人 对 着 暴跳 美方 代表 轻蔑 一笑 说 只是 告知 不是 征得 你方 同意 这时候 电影院 里 如果 不 欢呼 起立 爆发 雷鸣般 掌声 简直 就是 观众们 不 懂 风情,你看流浪2买一张票就能看到《2001太空漫游》，《源代码》，《银翼杀手》，《星际穿越》，甚至还能看到吴京强加了一段太空版《男儿本色》。这么一看还挺值的。只是你得忍受巨慢的三个半小时，以及动不动就硬来的煽情和文化自恋。流浪1凭借文化自恋式的宣发搔到了那些自诩“站起来了”的人的痒处，票房赚麻了；导演尝到甜头，流浪2干脆就用上了痒痒挠，特别是那个年轻的女发言人对着暴跳的美方代表轻蔑的一笑说，我们只是告知不是征得你方同意。这时候电影院里如果不欢呼起立，爆发雷鸣般的掌声，那简直就是观众们不懂风情。
四星 半 没想到 流浪 地球 上映 后 喊 那么 久 中国 科幻电影 崛起 一部 拿出手 硬 科幻 流浪 地球 一部 作为 第一部 前 传 丰富 世界观 第一部 有 多 互文 野心 大 不仅仅 局限 流浪 地球 本身 为 后面 续集 埋 很大 伏笔 如果 第一部 成功 说 有 巧合 运气 成分 一部 郭帆 真的 将 自己 功力 都 发挥 出来 各个 层面 都 展现 成熟 掌控 力 绝对 中国 未来 期待 商业 电影 导演 李雪健 老师 角色 什么 动作 坐在 轮椅 上 真的 一个 用 表情 台词 就 完美 塑造 角色 演员 有 几场 戏 穿透力 太强 缺点 的话 就是 强调 试图 融入 春节 档 加入 生硬 笑 点 最后 煽情 部分 有点 太多 拖 节奏 总体 上 瑕不掩瑜 毕竟 真的 硬 整体 跟 第一部 相比 算得 上 进化,"9/10，四星半
没想到在《流浪地球》上映后喊了那么久的“中国科幻电影崛起”之后又一部能拿出手的硬科幻是《流浪地球2》
这一部作为第一部的前传不仅丰富了世界观与第一部有非常多的互文，野心非常大，已经不仅仅局限在“流浪地球”本身了，为后面的续集埋了很大的伏笔。如果是第一部的成功可以说是有巧合运气成分，那这一部郭帆真的是将自己的功力都发挥出来了，各个层面都展现了非常成熟的掌控力，绝对是中国未来最可以期待的商业电影导演。李雪健老师的角色基本没有什么动作，因为一直坐在轮椅上，但是他真的是一个用表情和台词就能完美塑造角色的演员，有几场戏穿透力太强
缺点的话可能就是太强调，试图融入春节档而加入了很多生硬的笑点，最后煽情部分有点太多了拖节奏了，总体上瑕不掩瑜毕竟是真的硬
整体跟第一部相比算得上是进化了"
绝对 亚洲 科幻 大片 第一 档 但 娱乐性 上 跟 好莱坞 还是 有 差距 这些 年 好莱坞 大片 难看 故事 越 讲 越小任 宇宙 爆炸 拍 家人 和解 但 这部 过于 宏大 叙事 情感 上 动人 点 太少,绝对是亚洲科幻大片第一档，但娱乐性上跟好莱坞还是有差距。虽然这些年好莱坞的大片难看在故事越讲越小，任你宇宙爆炸也是拍家人和解，但这部又过于宏大叙事，情感上动人的点太少了
仿佛 被绑 过年 饭桌 上 喂 满嘴 仁义道德,仿佛被绑在过年的饭桌上，喂了满嘴仁义道德…………
刘德华 角色 充分 验证 行车 不 规范 亲人 两行 泪 大道理,刘德华的角色充分验证了行车不规范亲人两行泪的大道理
进步 不应 局限于 特效 包括 如何 看待 女性 价值观 突破 技术 飞跃 一样 重要 真正 大片 两条腿走 路,进步不应仅局限于特效，还包括如何看待女性，价值观突破和技术飞跃一样重要，真正大片是两条腿走路。
三星 对 电影 不 公平 三星 对 观众 不 公平,三星以下对电影不公平，三星以上对观众不公平。
这种 科幻 大片 让 人 失望 地方 在于 它们 看似 有着 充沛 豪迈 想象力 内核 永远 保守 陈旧 毫无 创造力 旧 世界,这种“科幻大片”让人失望的地方在于，它们看似有着充沛甚至豪迈的想象力，内核却永远是保守陈旧毫无创造力的旧世界。
个人 不 允许 片子 评分 比阿凡 达 低,我个人不允许这片子评分比阿凡达2低。
提出 拯救 中国 科幻 计划 让 郭帆 拍三体,我提出拯救中国科幻计划，让郭帆拍三体
感受 到 主创 如何 用心 用力 地 努力 凹成 太空 史诗 样子 大 场面 不少 事实上 无论 哪 方面 看 都 的确 具有 视效 大片 风范 工业 指标 进步 原著 硬 科幻 指数 上 抗打 并 不能 保证 一部 电影 可 看度 打 鸡血 式 价值观 输出 强行 灌 责任 以及 过度 强调 家庭 重要性 其实 一种 美式 变体 舶来品 虽说 看得心 累倒 并非 最大 槽 点 难熬 不是 负责 任 假大空 口号 难熬 最后 一分钟 营救 煽情 戏 对冲 直接 稀释 高潮点 爆发 原文 本 庞杂 体量 多 冲突 原本 被 匀 到 多 戏份 处理 明晰 当然 理解 编导 考虑 到 市场 接受度 做 处理 毕竟 成品 看来 已够 像 一篇 说明 论文 剪辑 问题 两条线 捏合 度 不够 因而 三 小时 经常 体感 混乱 结尾 埋 第三季 线 像 hal 吧,"感受到主创是如何用心用力地在努力凹成太空史诗的样子（大场面还不少），事实上无论从哪方面看都的确具有视效大片的风范，然而工业指标的进步和原著在硬科幻指数上的抗打，并不能保证一部电影的可看度——打鸡血式的价值观输出和强行灌“责任”，以及过度强调家庭的重要性，其实也是一种美式变体的舶来品（虽说也看得心累，倒也并非最大槽点）。

最难熬的不是“负责任”的假大空口号，难熬的是最后一分钟营救与煽情戏的对冲，直接稀释高潮点的爆发，原文本的庞杂体量和更多冲突原本也可以被匀到更多戏份、处理得更明晰，当然也能理解编导考虑到市场接受度做的处理，毕竟现在的成品看来已够像一篇说明论文了。

1的剪辑问题还在，两条线捏合度也不够，因而三小时经常体感混乱；结尾埋第三季的线太像hal9000了吧。"
最后 把 地球 推出 太阳系 看到 一个 网友 留言 有点 逗 说 看 这个 剧 感受 到 中国 人 对 不动产 执念,最后把地球推出了太阳系，看到一个网友的留言有点逗，他说看这个剧感受到了中国人对不动产的执念。
以为 吹 有点 过头 看 完 认为 除了 配乐 星际 穿越 差点 这部 电影 完全 达到 同一 层次 水平 题外话 有时候 就 忍不住 想 问 一句 以前 对 中国 电影 痛心疾首 恨铁不成钢 中国 科幻 都 拍 到 这种 程度 不 满意 期望 什么 呢 都 懒得 拆穿 心思 不 批评 批评 哪 对得起 可笑 优越感 忽略 意识形态 本身 只爱 电影 艺术 电影 艺术 配 吗,"之前还以为吹的有点过头了，看完了之后我认为，除了配乐比《星际穿越》差点，这部电影已经完全达到了同一层次和水平。题外话，我有时候就忍不住想问一句了，以前你们对中国电影痛心疾首、恨铁不成钢，现在中国科幻都已经拍到这种程度了，你们还不满意？那你们的期望到底是什么呢？我都懒得拆穿你们的心思，不批评批评，哪对得起你们那可笑的优越感。忽略意识形态本身，我们只爱电影艺术？电影艺术？你们配吗？"
太牛 逼 对 第一部 褒奖 还有 对 国产 特效 大片 鼓励 成分 第二部 则 完全 国际 水准 看来 都 表现 极其 出色 迄今为止 好看 华语 科幻片 放眼 国际 十年 内 好看 科幻片 很久没 有 看到 近乎 满分 商业片 中国 独立 日 不 对 罗兰 艾默里 奇 改名 叫 小 郭帆 吧 理应 多得 国内 影史 票房 第一 桂冠,"太牛逼了，
对第一部的褒奖可能还有对国产特效大片鼓励的成分，第二部则完全是在国际水准看来都表现的极其出色，
迄今为止最好看的华语科幻片，放眼国际，十年内最好看的科幻片，
已经很久没有看到的近乎满分的商业片，
中国的独立日，不对，罗兰艾默里奇改名叫小郭帆吧，
应该，理应多得国内影史票房第一的桂冠！"
科幻 灾难片 赛博 朋克 正片 全特 么 假 莫斯 特效 特效 莫斯,科幻灾难片×赛博朋克✓正片全特么是假的，是莫斯的特效，特效的莫斯。
只是 部 传统 好莱坞 叙事 电影 一部 才 真正 找到 自己 声音 有 显而易见 缺点 详细 讲述 两大 独立 危机 带来 冗长 亲中 反中 外国人 刻板 刻画 未来 世界 女性 重要 领域 只是 点缀 但 整体 超出 预期 视觉效果 不输于 好莱坞 故事 内核 动人 以及 体现 着 中国 价值观 父女情 爱情 师徒 情等线 处理 都 蛮 细腻 动人 喜欢 那句 台词 团结 需要 付出代价 p 吴孟达 出现 第一幕 真 催人泪下 电影 中 数字 生命 议题 相 呼应 更让人 唏嘘,1还只是部传统好莱坞叙事的电影，这一部才真正找到了自己的声音。虽然有很多显而易见的缺点（比如详细讲述两大独立危机带来的冗长，亲中与反中外国人的刻板刻画，未来世界女性在重要领域仍只是点缀等），但整体超出预期。视觉效果已经不输于好莱坞，故事内核也很动人以及体现着中国价值观。父女情爱情师徒情等线的处理都蛮细腻动人。喜欢那句台词：团结是需要付出代价的。ps：吴孟达出现的第一幕真催人泪下，和电影中数字生命的议题相呼应更让人唏嘘。
真 难看 浪费 电影票 钱 唯一 一部 电影院 看 睡着 电影,真难看，浪费我电影票钱，唯一一部电影院看睡着的电影
牛洗 去 昨天 看 xx 红 晦气,牛！洗去了昨天看xx红的晦气
不 明白 这种 史诗 级 电影 还有 人 打 一星 唯粉 黑粉 真的 都 心 吗 片子 直接 把 中国 人 电影 制作 领域 话语权 拉高 一个 维度 且不说 画面 剧情 就 这个 人类 命运 共同体 集体 牺牲 精神 立意 就 吊打 好莱坞 一个 世纪 不是 中国 人能 拍 科幻 而是 只有 中国 人才 拍 科幻 另外 三线 叙事 并行 从小 家到 大国 到 数字 生命 重要 角色 都 有 独特 人物 弧光 成长 线 二部 到 一部 老少 接棒 暗示 文明 延续 离不开 人类 看 完后 除了 震撼 就是 感动 小破球 中国 电影 有 了不起,不明白这种史诗级电影为什么还有人打一星，唯粉和黑粉真的都没有心吗。。。这片子直接把中国人在电影制作领域的话语权拉高了一个维度。且不说画面和剧情，就这个人类命运共同体和集体牺牲精神的立意，就吊打好莱坞一个世纪。这已经不是中国人能拍科幻了，而是只有中国人才能拍的科幻。另外三线叙事并行，从小家到大国再到数字生命，每个重要角色都有独特的人物弧光和成长线，从二部到一部的老少接棒也暗示了文明的延续离不开人类。看完后除了震撼就是感动，小破球，中国电影有你了不起。
希望 票房 高 被 满江红 超过 实在 魔幻,希望票房再高一些🙏被满江红超过实在有些魔幻
不 喜欢 没什么 会 做到,我不喜欢“一定” 没什么是一定会做到的
废戏 各地 人民 reaction 切换 多次 讨巧 幽默 很难 笑 整体 像 有 个 机械 公式 反复 硬套 雪健 老师 政治 博弈 写得 过于 生硬 板正 意识形态 能塞 但 如何 巧妙 地塞 修炼 吴京 追妻 油腻 老套 师徒 情 凑合 德华 兄 出彩 情节 最贴 科幻 感情 戏 不错 全片 女性 分量 少得 可怜 视效 虽 震撼 但 文戏 进步 空间 还有 下 一部 添点 真 科幻 吧,很多废戏，各地人民reaction切换了多次，一些讨巧的幽默很难笑，整体像有个机械的公式在反复硬套。雪健老师的政治博弈写得过于生硬板正，意识形态能塞，但如何巧妙地塞还需修炼；吴京的追妻油腻老套，师徒情凑合；德华兄出彩，情节最贴科幻，感情戏不错。全片女性分量少得可怜，视效虽震撼，但文戏的进步空间还有很多，下一部添点真•科幻吧
音乐 好好 特效 地方 好 地方 好 粗糙 人 行 类型 以后 别 拍 太尬,音乐好好，特效有些地方好，有些地方好粗糙。“我们的人一定行”的类型以后别再拍了，太尬了。
IMAX 版 早场 归来 尽管 未 提出 呈现 全新 科幻 概念 图景 但 各 方面 第一部 都 有 不小 进步 升级 观感 上佳 形式 结构 上 视觉 特效 服化 道 细节 精湛 用心 肉眼 可见 几位 老戏骨 都 发挥 出 演技 剪辑 不再 有前 作中 混乱 潦草 问题 三线 交织 结构 分别 航天员 军人 量子 计算机 技术人员 及 外交代表 决策者 角度 切入 让 叙事体 量 足够 丰富 个人 不 赞同 本片 节奏 慢 慢 电影 小巫见大巫 文本 过载 实而 不烧 脑且 略 直白 另 还有 平民 生存 联合政府 施政 方式 两个 层面 未 铺展 描摹 说法 文本 深层 方面 延拓 并 融贯 理性 数字 生命 服从 牺牲 虚拟空间 超 感性 彼岸 世界 v 感性 有情 肉身 自保 私欲 地球空间 现世 凡尘 二项 对 立式 共存 互补 人性 看似 破坏 儿女 私情 实则 成为 拯救 关键 一环,【IMAX版早场归来】尽管未提出或呈现全新的科幻概念/图景，但各方面比起第一部都有不小的进步与升级，观感上佳。形式与结构上，视觉特效与服化道细节的精湛用心肉眼可见，几位老戏骨都发挥出演技，剪辑不再有前作中混乱潦草的问题，三线交织的结构（分别从航天员/军人、量子计算机技术人员及外交代表/决策者的角度切入）也让叙事体量足够丰富，个人不赞同关于本片节奏慢（与“慢电影”比小巫见大巫）或文本过载（实而不烧脑且略直白，另还有平民生存与联合政府施政方式这两个层面未铺展描摹）的说法。文本深层方面，延拓并融贯了理性（数字生命，或服从/牺牲，虚拟空间，超感性彼岸世界）vs.感性（有情肉身，自保/私欲，地球空间，现世凡尘）的二项对立式。最终，要的是共存互补的人[性]，所以看似破坏的儿女私情实则成为拯救的关键一环。（8.5/10）
学学 减法 吧 这大 炖锅 电影 煲汤 不是 冒菜,学学减法吧……这大炖锅。电影是煲汤不是冒菜。
断裂 股骨 一段 台词 大为 震撼 这是 中式 价值观 中国 电影 需要 多 流浪 地球 其 远大 格局 对 中国 电影 人们 审美 工业化 有 重要 意义 但 如果 觉得 这种 裹挟 民族主义 宏大 叙事 电影 就是 科幻 说明 对 科幻 理解 还有 所 欠缺 想 做出 好莱坞 大片 级别 制作 肯定 走过 美国 人 走过 这些 路 流浪 地球 只是 刚刚 迈步 做到 让 中文 科技 感中 不 陌生 整个 片子 让 人 想起 早起 美国 工业制品 特效 还是 欠 要求 有点 高 太空 电梯 长镜头 堪称一绝 期待 把 氦 闪 危机 拍 出来,关于断裂股骨的那一段台词我大为震撼，这是中式价值观。中国电影需要更多流浪地球。其远大格局对中国电影和人们的审美工业化有很重要的意义。但如果觉得这种裹挟了民族主义、宏大叙事的电影就是科幻，那说明对科幻的理解还有所欠缺。我们要想做出好莱坞大片级别的制作，肯定要走过美国人走过的这些路。流浪地球只是刚刚迈步，做到了让中文在科技感中不陌生。整个片子让人想起早起的美国工业制品。特效还是欠，可能是我要求有点高，但是太空电梯长镜头堪称一绝。我很期待它把氦闪危机拍出来。
可 真 讨厌 冗长 稀碎 故事 线 连 讲个 故事 都 不会 吗 好好 故事 讲 稀烂 看得 真累 开 头胸部 特写 就 恶心 吴京 看见 美女 就 只会 想着 结婚 全片 都 雄性 天下 女人 只会念 演讲稿 病死 掉 一如既往 故弄玄虚 装腔作势 只会用 大字报 倒计时 推动 剧情 吗 导演 默认 观众 都 三体 迷 理工科 学士学位 不然 敢 这么 多 科学 概念 强行 灌入 但 真的 不能 推敲 剧情 科学 设定 仔细 一 琢磨 就 漏洞百出 剧情 人物 设计 都 牵强 搞不懂 这个 角色 有 啥 用 然后 外国人 都 暴躁 无能 只会 喊 妈妈 救命 想 回家 二 傻子 china 最牛 都 听 跟 汇报工作 以及 外交 敌友 现状 明显 吧 毕竟 影视作品 不是 政治 外交 宣传片 啊 骂 完 精致 烂片 给 四星 祖国 终于 拍出 星际 特效 科幻 大片,我可真讨厌这冗长又稀碎的故事线连讲个故事都不会了吗 好好的故事讲的稀烂看得我真累 开头胸部特写就很恶心 吴京看见美女也就只会想着结婚 全片都是雄性的天下 女人只会念演讲稿或者得病死掉 一如既往的故弄玄虚装腔作势只会用大字报倒计时推动剧情吗 导演应该是默认了他的观众都是三体迷或者理工科学士学位 不然怎么敢这么多科学概念强行灌入 但也真的不能推敲剧情和科学设定 仔细一琢磨就漏洞百出 很多剧情和人物设计都很牵强 搞不懂这个角色有啥用 然后“外国人都是暴躁无能只会喊妈妈救命我想回家的二傻子而我china最牛你们都得听我的跟我汇报工作”以及外交敌友现状也太明显了吧 这毕竟是影视作品不是政治外交宣传片啊/ 骂完了 精致的烂片 但是给四星 因为我的祖国终于也能拍出星际特效科幻大片了！
郭帆 睡 着 吗 球 没 上映,郭帆，你睡的着吗，球3怎么还没上映
跟 相比 更加 硬核 科幻 但 感染 共 情力 下降 知道 集体主义 救 世界 但 缺少 末日 精神 关怀 地球 都 完 犊子 居然 人 当好 螺丝钉 想想 就 绝望 承认 觉悟 低,跟1相比更加硬核科幻，但感染共情力下降了。我知道集体主义能够救世界，但太缺少末日的精神关怀了。地球都要完犊子了居然还要每个人当好螺丝钉，想想就很绝望...（我承认我觉悟低）
韩国 有 航天 队 吗,韩国也有航天队吗
突然 觉得 漫威 碟中谍 好莱坞 大片 好 幼稚 啊 当 中国 文化 遇上 科幻 足以 令 世界 战栗 多个 主题 三线 推进 交待 如此 圆满 这次 真的 五体投地 为 中国 科幻电影 骄傲 谢谢 郭导 流浪 地球 一切 台前幕后 人员,突然觉得漫威，碟中谍等好莱坞大片好幼稚啊。。。当中国文化遇上科幻，足以令世界战栗。多个主题，三线推进还能交待得如此圆满。。。这次真的五体投地！！！为中国科幻电影骄傲！！谢谢郭导和流浪地球一切台前幕后人员！！
郭帆 少看 太空 漫游 多 看 几遍 楢 山节 考,郭帆应该少看《2001太空漫游》，多看几遍《楢山节考》。
为 特效 打星 剧情 吐 槽 地方 太多 各种 不合逻辑 强行 煽情 什么 叫 人 行 人家 生命 条 都 红 人 都 死 相信 点 哪,为特效打4星。剧情要吐槽的地方太多了，各种不合逻辑的强行煽情……什么叫“我的人一定能行”，人家生命条都红了，人都死了，你相信的点在哪？
忘 哪里 看到 评论 中国 男人味 溢出 宇宙,忘了在哪里看到的评论：中国男人味溢出宇宙。
最让人 不能 忍 傻 情节 当属 李雪健 扮演 角色 结尾 崩盘 举着 拐棍 冲着 老外 大喊 点火 人家 老外 可说 如果 联网 成功 就 点火 的话 行星 发动机 会 把 地球 撕裂 但 要求 点火 依据 啥 人 完成 任务 去 还有 丝毫 理性 可言 吗 简直 唯心 吧 跟 相信 菩萨 下凡 耶稣 显灵 有 啥 区别 呢 纯纯 非理性 吧,最让人不能忍的傻情节，当属李雪健扮演的角色结尾崩盘，举着拐棍冲着老外大喊，点火！人家老外可说了，如果没有联网成功就点火的话，行星发动机会把地球撕裂的！但你要求点火的依据是啥，仅仅是“我们的人一定可以完成任务”？我去！这还有丝毫理性可言吗？简直太唯心了吧！那这跟相信菩萨下凡或者耶稣显灵有啥区别呢？纯纯的非理性了吧！
刚刚 看 完 接受 评分 不能 接受 阿凡 达 高分 评分 无论是 剧情 设定 内涵 上 阿凡 达 都 不及 流浪 地球 一根 毛,刚刚看完，我能接受8.2的评分但是我不能接受只比阿凡达2高0.2分的评分，无论是在剧情设定内涵等等上，阿凡达2都不及流浪地球2一根毛。
这部 满江红 只不过 个人 乡村 电影 这是 电影工业,和这部比，《满江红》只不过是个人乡村电影，这是电影工业。
本来 看 完 满江红 觉得 行 今天 看 完小 破球 完全 被 震撼 到 这么 好 科幻片 票房 排片 会 输给 满江红 完全 不是 一个 级别 啊,本来看完满江红觉得还行，今天看完小破球，完全被震撼到了，这么好的科幻片，为什么票房和排片会输给满江红？完全不是一个级别的啊！
不 觉得 电影 长 更长 看过 希望 大家 对 自己 家 好 东西 公平 一点 评价 吧 不 阿凡 达 漫威 那些 傻 电影 好看 多 么,我不觉得电影长，更长的我也看过，希望大家对自己家的好东西公平一点评价吧，这不比阿凡达2和漫威那些傻电影好看多了么……
清一色 四星 五星 让 怀疑 豆瓣 是不是 被 买通 真的 没 第一部 好看 啊,清一色的四星五星让我怀疑豆瓣是不是被买通了……真的没第一部好看啊……
技术 上 硬核 前 传 对 世界观 合理 补充 终于 理解 科幻 不是 科学 但 它们 紧密结合 主题 上 发挥 着 人类 命运 共同体 概念 不再 正义 为先 昂扬 向上 基调 变得 凸显 日常 但 同样 宏大 中间 角色 三条 线 主角 双 主角 都 均匀 人 都 有 自己 故事 跟 命运 喜欢 图恒宇 马兆 那条 线 对 数字 生命 解释 做 通俗 呈现 情感 精神 上 选择 对峙 电影 最后 还是 落到 情感 落到 人 将 中国式 家国 情怀 一并 包裹 进 中国 故事 表达 中,技术上非常硬核，既是前传也是对1和世界观的合理补充，终于理解了科幻不是科学，但它们是可以紧密结合的。主题上仍发挥着 “人类命运共同体”的概念，却不再是正义为先、昂扬向上的基调，变得凸显日常但同样宏大。没有中间角色，因为三条线的主角或双主角都是均匀的，每个人都有自己的故事跟命运。喜欢图恒宇和马兆那条线，对“数字生命”的解释做得很通俗，呈现的是情感、精神上的选择与对峙。电影最后还是落到情感、落到人，将中国式家国情怀一并包裹进“中国故事”的表达中。
好 一场 灾难 说 这个 电影,好一场灾难，我说的是这个电影。
可是 过去 几年 经验 告诉 大灾 当前 人类 非但 不会 团结 增强 彼此 毁灭 能力,可是，过去这几年的经验告诉我们，大灾当前，人类非但不会更团结，还增强了彼此毁灭的能力。
高于 预期 但周 老师 全场 败笔 除了 会 说 务必 相信 请 相信 一会 定 之外 任何 实际 作用,高于预期。但周老师全场败笔，除了会说“务必要”、“我相信”、“请相信”、“一会定”之外，没有任何实际作用。
年初一 一口气 看部 之 第部 单日 电影 马拉松 最后 一部 为了 激光 IMAX 版本 看 完 都 夜里 凌晨 点 回家 吃 夜宵 加 整理 材料 后天 都 快亮 意味着 为了 看 电影 小时 没 合眼 属于 折寿 式 观影 请勿 模仿 流浪 地球 中国 科幻电影 独苗 好 生长 确实 茁壮 以一己 之力 把 中国 科幻片 水平 拉 到 世界级 比较 水准 就 更显 宝贵 幕后 纪录片 以及 实际 观影 体验 来看 主创 团队 的确 为了 构建 这个 新世界 耗费 巨大 心血 看得出来 郭帆 的确 认真 创作 诚恳 地 征求 并 遵循 科学家 们 建议 太空 电梯 长镜头 实在 太过 震撼 战斗机 无人机 空战 实在 酣畅 数字 生命 计划 讨论 极富 哲学 价值 当然 触动 人心 还是 宏大 叙事 下 本土化 精神 表达 人 反感 宏大 叙事 可 才 真正 天问 式 地 思考 人类 命运 主题,"年初一一口气看5部之第5部。

单日电影马拉松的最后一部，为了最好的激光IMAX版本，看完都已经夜里凌晨3点了，回家吃夜宵加整理材料后天都快亮了，意味着我为了看电影几乎24小时没合眼，这属于折寿式观影，请勿模仿。

虽然《流浪地球》几乎是中国科幻电影的独苗，但是好在它的生长确实茁壮，几乎以一己之力把中国科幻片的水平拉到世界级的比较水准，也就更显宝贵。通过幕后纪录片以及实际观影的体验来看，主创团队的确为了构建这个新世界耗费了巨大心血，也看得出来郭帆他们的确是在认真创作，诚恳地征求并遵循科学家们的建议。

太空电梯的长镜头实在太过震撼，战斗机与无人机的空战又实在酣畅，数字生命计划的讨论极富哲学价值。当然最触动人心的还是宏大叙事下本土化的精神表达，虽然很多人反感宏大叙事，可这才是真正天问式地思考人类命运的主题。"
图恒宇 线 超乎 想象,图恒宇的线超乎想象
震撼 绝佳 视觉效果 紧凑 剧情 看 一种 汗毛 倒 竖 感觉 全程 屏住 呼吸 生怕 错过 任何 一个 镜头 就是 国产电影 希望 让 中国 文化 走出 国门 展示 辉煌 流浪 地球 精神 核心 就 如 愚公移山 一般 面对 艰难险阻 应当 子子孙孙 无穷尽 信念 矢志不渝 前行 仰之弥高 钻 之 弥坚 李雪健 沙哑 平静 声音 彰显 正是 一种 磨难 中 坚定 一种 永不言败 信念 这正 契合 愚公精神 契合 中国 人民 骨子里 坚韧不拔,太震撼了，绝佳的视觉效果、紧凑的剧情，看的我一种汗毛倒竖的感觉，全程屏住呼吸，生怕错过任何一个镜头，这就是我们国产电影的希望，让我们的中国文化走出国门，展示我们的辉煌！《流浪地球2》的精神核心就如“愚公移山”一般，面对艰难险阻，应当以“子子孙孙无穷尽也”的信念，矢志不渝的前行，仰之弥高，钻之弥坚。李雪健那沙哑而平静的声音，彰显的正是以一种磨难中的坚定，一种永不言败的信念，这正契合了“愚公精神”，契合了中国人民骨子里的坚韧不拔。
如坐针毡 三个 小时 想 讲 内容 太多 拍 出来 效果 却是 剧情 整个 七零八碎 还有 国产 贺岁 电影 什么 时候 能少 一点 自以为是 男式 幽默,如坐针毡的三个小时，想讲的内容太多拍出来的效果却是剧情整个七零八碎，还有国产贺岁电影什么时候能少一点自以为是的“男式”幽默……
一众 集体主义 轰炸 中 刘德华 那条 线 便 显得 尤为 珍贵,在一众集体主义轰炸中，刘德华那条线便显得尤为珍贵
让 岁 领导 先走 不愧 科幻片,让50岁以上领导先走！不愧是科幻片
沙溢 堪称 全场 最佳 回归 到 片子 本身 内核 庞杂 三 小时 时长 都 险些 兜 不住 过剩 文本 素材 每条线 拿 出来 都 单独 拍 几集 电视剧 那种 就让 多分钟 观影 体验 显得 极其 漫长 每当 以为 结束 吧 然后 导演 自信 地 甩出 更多 不加 节制 奇观 煽情 关键问题 就 在于 AI 线 人类 自救 线 之间 什么 情绪 积累 连接 最后 一分钟 营救 让 故事 线 汇集 之时 剩 拖时间 之 嫌 远远 达 不到 一气呵成 舒缓 感 但 桥段 卡司 出色 演出 优秀 工业 水准 十足 出 挑 就 像 一顿 必然 吃不完 自助餐 玲琅 满目 过 头 其中 矛盾 代表 就是 刘德华 领衔 人工智能 线 让 人 时刻 迷失 郭帆 大 刘对 人类 命运 态度 该是 悲观 还是 希望 恐怕 郭帆 到 剪辑 完成 那一刻 都 未曾 有过 定数 但 宏大 叙事 基底 定好 且 看 第三部 会 圆 吧,沙溢堪称全场最佳！回归到片子本身，内核太庞杂了，三小时的时长都险些兜不住这过剩的文本素材——每条线拿出来都能是能单独拍几集电视剧的那种，这就让170多分钟的观影体验显得极其漫长，每当以为“这已经要结束了吧”然后导演又自信地甩出更多不加节制的奇观和煽情，关键问题就在于AI线和人类自救线之间几乎没有什么情绪积累与连接，最后一分钟营救让故事线汇集之时只剩拖时间之嫌、远远达不到一气呵成的舒缓感。但每个桥段又因为卡司的出色演出和优秀的工业水准而十足出挑，就像一顿必然吃不完的自助餐，玲琅满目得过了头，其中的矛盾代表就是刘德华领衔的人工智能线，让人时刻迷失于郭帆和大刘对人类命运的态度之中，到底该是悲观还是希望？恐怕郭帆到剪辑完成那一刻都未曾有过定数，但宏大叙事的基底已经定好，且看第三部会怎么圆吧。
多一些 像 刘慈欣 这样 创作者 作品 创造 影视 行业 就业 拉动 GDP,应该多一些像刘慈欣这样的创作者。作品既能创造影视行业的就业，还可以拉动GDP。
中国 电影 没 死 中国 有 科幻电影 刘德华 那条 线 才 真 亮点,中国电影还没死，中国也有科幻电影。刘德华那条线才是真亮点。
若干年 后 慧 忘记 无名 忘记 满江红 但 绝对 会 铭记 流浪 地球,若干年后，我们或许慧忘记无名，忘记满江红，但绝对会铭记流浪地球2。
流浪 地球 最大 败笔 就是 让 那些 对 科幻 毫无 了解 人 走进 电影院 继而 给 说出 就 勇气,流浪地球2最大的败笔，就是他让那些对科幻毫无了解的人也走进了电影院，继而给了他们说出“就这？”的勇气。
如果 把 吴京 条线 去掉 保留 刘德华 这条线 时长 压缩 一半 这片值 四颗星,如果把吴京这条线去掉，只保留刘德华这条线，时长压缩一半，这片值四颗星
图恒宇 一点 不想 老婆 啊,图恒宇你是一点不想你老婆啊
前 半个 小时 还是 蛮 折磨 人 再也 不想 看到 吴京 大 银幕 上 谈恋爱,前半个小时还是蛮折磨人的，我再也不想看到吴京在大银幕上谈恋爱了
说 睡着 不会 被 喷 吧,我说我睡着了不会被喷吧
期待值 太高 有点 失望 红色 元素 有点 多 朵朵 病死 失望 死 战场 上 不是 病床 上,可能期待值太高，有点失望，红色元素有点多了，朵朵的病死很失望，她应该死在战场上，而不是病床上
故事 蛮 宏大 有 几幕 戏 实在 太尬 吴京 看到 韩 朵朵 就 直接 幻想 生小孩 有点 恶心 真 就 看见 胳膊 就 想到 上床 自愿 报名 时候 非要 跳 出来 按 年龄 出 列 潜水 任务 那么 重要 派 人太少 倒计时 结束 按 不 按 不 知道 有 啥 好 吵 不 按 躲 不 掉 冲击 的话 还有 什么 犹豫 地方 就 不是 老头 相信 不 相信 问题 把 赌局 变成 信任 硬 搞 生华,故事蛮宏大的，但是有几幕戏实在太尬了，1吴京看到韩朵朵就直接幻想生小孩，有点恶心，真就看见胳膊就想到上床 2自愿报名的时候非要跳出来按年龄出列 3潜水任务那么重要派的人太少 4倒计时结束按不按不知道有啥好吵的，不按躲不掉冲击的话还有什么犹豫的地方？就不是老头相信不相信的问题，把赌局变成信任硬搞生华
这部 满江红 只不过 个人 乡村 电影 这是 电影工业,和这部比，《满江红》只不过是个人乡村电影，这是电影工业。
得分 全在 特效 上 故事 真的 一塌糊涂 恨不得 每场 戏 都 宏大 高潮 煽情 戏 慢镜头 大 场面 几句 尴尬 台词 重复 重复 煽情 煽 仨 小时 谁 受得了,得分全在特效上，故事真的一塌糊涂。恨不得每场戏都是宏大高潮煽情戏，慢镜头大场面，几句尴尬的台词重复再重复，煽情可以，这一直煽仨小时谁受得了。
本来 看 完 满江红 觉得 行 今天 看 完小 破球 完全 被 震撼 到 这么 好 科幻片 票房 排片 会 输给 满江红 完全 不是 一个 级别 啊,本来看完满江红觉得还行，今天看完小破球，完全被震撼到了，这么好的科幻片，为什么票房和排片会输给满江红？完全不是一个级别的啊！
不 觉得 电影 长 更长 看过 希望 大家 对 自己 家 好 东西 公平 一点 评价 吧 不 阿凡 达 漫威 那些 傻 电影 好看 多 么,我不觉得电影长，更长的我也看过，希望大家对自己家的好东西公平一点评价吧，这不比阿凡达2和漫威那些傻电影好看多了么……
震撼 绝佳 视觉效果 紧凑 剧情 看 一种 汗毛 倒 竖 感觉 全程 屏住 呼吸 生怕 错过 任何 一个 镜头 就是 国产电影 希望 让 中国 文化 走出 国门 展示 辉煌 流浪 地球 精神 核心 就 如 愚公移山 一般 面对 艰难险阻 应当 子子孙孙 无穷尽 信念 矢志不渝 前行 仰之弥高 钻 之 弥坚 李雪健 沙哑 平静 声音 彰显 正是 一种 磨难 中 坚定 一种 永不言败 信念 这正 契合 愚公精神 契合 中国 人民 骨子里 坚韧不拔,太震撼了，绝佳的视觉效果、紧凑的剧情，看的我一种汗毛倒竖的感觉，全程屏住呼吸，生怕错过任何一个镜头，这就是我们国产电影的希望，让我们的中国文化走出国门，展示我们的辉煌！《流浪地球2》的精神核心就如“愚公移山”一般，面对艰难险阻，应当以“子子孙孙无穷尽也”的信念，矢志不渝的前行，仰之弥高，钻之弥坚。李雪健那沙哑而平静的声音，彰显的正是以一种磨难中的坚定，一种永不言败的信念，这正契合了“愚公精神”，契合了中国人民骨子里的坚韧不拔。
晓 晞 啊 觉得 打 几星 啊,晓晞啊 你觉得我应该打几星啊
图恒宇 一点 不想 老婆 啊,图恒宇你是一点不想你老婆啊
充斥 着 自大 愚蠢 傲慢 强行 煽情 说教 爹式 为 你好 无可救药 自 嗨,充斥着自大愚蠢的傲慢，强行煽情的说教，爹式的为你好和无可救药的自嗨！
多一些 像 刘慈欣 这样 创作者 作品 创造 影视 行业 就业 拉动 GDP,应该多一些像刘慈欣这样的创作者。作品既能创造影视行业的就业，还可以拉动GDP。
前 半个 小时 还是 蛮 折磨 人 再也 不想 看到 吴京 大 银幕 上 谈恋爱,前半个小时还是蛮折磨人的，我再也不想看到吴京在大银幕上谈恋爱了
电影 叙事 都 不 懂 难看 粉红 直 男 狂欢,基本的电影叙事都不懂。。太难看了，粉红直男狂欢
所有 感情 戏码 都 之 虚假 男主 感情 戏 以及 自我牺牲 诸如此类 简直 令 作呕 讨厌 角色 李雪健 这个 对 李雪健 本人 任何 情绪 整得 跟 个 神 一样 全程 我要 听 相信 信 什么 编剧 没 写 是从 未来 穿越 回来 带 着 上帝 视角 还是 咋 滴 反正 这人设 看 想 吐 喜欢 宁理 明显 语速 上 加快 没 看过 书 但 人 一 上来 就 有 别样 气质 唯一 好看 就是 视觉 不过 有 地球 天 就 毁灭 这种 好事 谁 废 那个 劲 啊 有 句 台词 写 好 延续 人类文明 最优 选择 就是 毁灭 人类 当然 这句 还是 沈腾 那句 来得 升华 毁灭 吧 累,"所有的感情戏码都非常之虚假，尤其是男主的感情戏以及自我牺牲诸如此类简直令我作呕。
最讨厌的角色是李雪健这个（对李雪健本人没有任何情绪），整得跟个神一样，全程“我要，听我的，我相信”，到底在信什么，编剧也没写（是从未来穿越回来，带着上帝视角还是咋滴），反正这人设看得我也很想吐。最喜欢的是宁理，很明显语速上加快了，虽然我没看过书，但这人一上来就有别样的气质。
唯一好看的就是视觉。
不过有地球3天就能毁灭这种好事，谁还废那个劲啊！有句台词写得好“延续人类文明的最优选择，就是毁灭人类”。当然这句还是没有沈腾那句来得升华“毁灭吧，我累了”。"
非 逮 着 流浪 地球 一个 高 概念 薅 结果 就是 核心 表达 相比 首作 翻不出 什么 新花样 除了 把 特效 做 更加 细致 只能 强行 增加 故事 体量 于是 看到 吴京 刘德华 各自 A 故事 MOSS B 故事 让 整部 电影 变得 臃肿 不堪 两个 主演 引领 故事 线 内部 科幻 类型 再次 让 位于 动作 灾难 子 类型 所谓 我信 建构 最后 一分钟 营救 尽数 失效 全世界 人民 大团结 口号 越来越 暴露出 人类 中心主义 傲慢 宏大 叙事 个体 情感 嫁接 很难说 成功,非逮着“流浪地球”这一个高概念薅，结果就是核心表达相比首作翻不出什么新花样，除了把特效做得更加细致，只能强行增加故事体量，于是我们看到吴京和刘德华各自的A故事（+MOSS的B故事）让整部电影变得臃肿不堪。而在两个主演引领的故事线内部，科幻类型再次让位于动作和灾难的子类型，然而以所谓“我信”建构的最后一分钟营救尽数失效，“全世界人民大团结”的口号也越来越暴露出人类中心主义的傲慢，宏大叙事和个体情感的嫁接很难说是成功的。
期待值 太高 有点 失望 红色 元素 有点 多 朵朵 病死 失望 死 战场 上 不是 病床 上,可能期待值太高，有点失望，红色元素有点多了，朵朵的病死很失望，她应该死在战场上，而不是病床上
中国 电影 没 死 中国 有 科幻电影 刘德华 那条 线 才 真 亮点,中国电影还没死，中国也有科幻电影。刘德华那条线才是真亮点。
故事 蛮 宏大 有 几幕 戏 实在 太尬 吴京 看到 韩 朵朵 就 直接 幻想 生小孩 有点 恶心 真 就 看见 胳膊 就 想到 上床 自愿 报名 时候 非要 跳 出来 按 年龄 出 列 潜水 任务 那么 重要 派 人太少 倒计时 结束 按 不 按 不 知道 有 啥 好 吵 不 按 躲 不 掉 冲击 的话 还有 什么 犹豫 地方 就 不是 老头 相信 不 相信 问题 把 赌局 变成 信任 硬 搞 生华,故事蛮宏大的，但是有几幕戏实在太尬了，1吴京看到韩朵朵就直接幻想生小孩，有点恶心，真就看见胳膊就想到上床 2自愿报名的时候非要跳出来按年龄出列 3潜水任务那么重要派的人太少 4倒计时结束按不按不知道有啥好吵的，不按躲不掉冲击的话还有什么犹豫的地方？就不是老头相信不相信的问题，把赌局变成信任硬搞生华
毫无 尿点 三 小时 看 津津有味 某些 片段 过于 战狼 满满的 自我 感动 还有 韩 朵朵 明明 刘培强 有 实力 但 最后 嫁 做人 妇生 孩子 辐射 生病 最后 死去 男人 式 yy 瑕不掩瑜 值得一看 但 不会 二刷 不过 还是 期待 球 并且 真诚地 祈求 少 点 男子 主义 yy,毫无尿点的三小时，看得津津有味。虽然某些片段过于“战狼”，满满的的自我感动；还有韩朵朵明明比刘培强更有实力，但最后嫁做人妇、生孩子、辐射生病最后死去，很男人式的yy。瑕不掩瑜，值得一看，但不会二刷，不过还是期待球3456，并且真诚地祈求少点男子主义的yy🙏
有 想象力 不 多 像 那个 笑话 皇后 娘娘 那么 有钱 早饭 吃 根 油条 吧 干 大事 一段 慢 节奏 不 知道 领导 讲话 还是 升国旗 奏国歌 还是 正在 拍 领导 特写 新闻 素材 总而言之 像 一个 体制 内 科幻片,"有想象力，但是不多。
特别像那个笑话，皇后娘娘那么有钱，早饭得吃6根油条吧。
要干大事之前总是一段慢节奏，不知道是在等领导讲话还是升国旗奏国歌还是正在拍领导特写的新闻素材。
总而言之，像一个体制内科幻片。"
若干年 后 慧 忘记 无名 忘记 满江红 但 绝对 会 铭记 流浪 地球,若干年后，我们或许慧忘记无名，忘记满江红，但绝对会铭记流浪地球2。
流浪 地球 最大 败笔 就是 让 那些 对 科幻 毫无 了解 人 走进 电影院 继而 给 说出 就 勇气,流浪地球2最大的败笔，就是他让那些对科幻毫无了解的人也走进了电影院，继而给了他们说出“就这？”的勇气。
活着 我党 人 死 我党 数字 生命,活着是我党的人，死了是我党的数字生命。
特效 三 小时 剧情 太过 冗长 有点 怪怪的 p 真的 对 图恒宇 对于 丫丫 浓烈 父爱 不满 一丝丝 队 妻子 怀念 这样 改成 单亲,"特效可以，三小时的剧情太过冗长，有点怪怪的。
ps.真的对图恒宇对于丫丫浓烈的父爱不满，没有一丝丝队妻子的怀念，与其这样不如改成单亲。"
电影 塑造 人物 就 塑造 情感 无论 爱情 亲情 友情 塑造 就 只有 消耗 电影 对 各种 情感 暴力 使用 结果 贫瘠 口号 过度 煽情 电影 重要 暗线 人工智能 成长史 反转 结尾 彩蛋 中 直接 给出 如果 不是 人类 人工智能 争斗 如果 不是 条 暗线 所 提供 悬疑 推理 电影 中 场面 让 人 尴尬 到 原地 去世,电影没有塑造人物也就没有塑造情感，无论爱情亲情友情，没有塑造就只有消耗，电影是对各种情感的暴力使用，结果是贫瘠的口号和过度的煽情。电影重要的暗线是人工智能的成长史，反转在结尾彩蛋中直接给出。如果不是人类与人工智能的争斗，如果不是这条暗线所提供的悬疑推理，电影中很多场面让人尴尬到原地去世。
宇宙 级别 春晚 好莱坞 风格 红歌 会长 达 三 小时 声嘶力竭 英雄 赞歌 每 一句 都 斗志昂扬 激动人心 感人肺腑 热泪盈眶 每 一个 音符 都 破音 边缘 徘徊 电影 里 掷地有声 地说 文明 有 人才 有 意义 但 这部 里 人像 个人 别说 仰望 天空 就 脚不沾地,宇宙级别的春晚。好莱坞风格的红歌会。长达三小时声嘶力竭的英雄赞歌，每一句都斗志昂扬激动人心感人肺腑热泪盈眶，每一个音符都在破音边缘徘徊。电影里掷地有声地说文明要有人才有意义，但这部里哪个人像个人？别说要仰望天空就脚不沾地！
实在 不服气 这么 牛 电影 用 好几年 票房 居然 被 某些 赶工 俩 月 拍 出来 电影 压 一头 大家 快去 看吧 别 逼 我求,实在不服气，这么牛的电影，用了好几年，票房居然被某些赶工俩月拍出来的电影压一头，大家快去看吧，别逼我求你。
特效 有 特效 故事 有 特效,要特效有特效 要故事有特效
好 刘德华 角色 成为 这部 电影 本身 变量,好在刘德华的角色也成为了这部电影本身的变量。
直接 拍 刘德华 一条线,不如直接拍刘德华那一条线！
电影 所有 优点 都 来自 原著 提供 创意 本身 整个 制作 只能 用 吵闹 来 形容 功能化 且 生硬 情感 线 看 尴尬 癌 都 要犯 当 最后 剩 电力系统 打开 李雪健 斩钉截铁 喊道 人 完成 任务 时候 真想 问 谁 给 勇气 自信 说出 这种 话 战狼式 自我 意淫 没 玩腻 吗,电影所有的优点都来自原著提供的创意本身，整个制作只能用“吵闹”来形容，功能化且生硬的情感线看的我尴尬癌都要犯了，当最后只剩我们的电力系统没有打开，李雪健斩钉截铁的喊道我们的人一定能完成任务的时候，我真想问他是谁给你的勇气和自信说出这种话？战狼式自我意淫还没玩腻吗？
如果 对 诺兰 来说 引力 爱 对于 郭帆 来说 引力 肯定 爹,如果对诺兰来说引力或许是爱，那对于郭帆来说引力肯定是爹
人 完成 任务 重复 好 几次 觉得 前后 逻辑 似乎 不连 其实 这个 语汇 就是 中华民族 伟大 复兴 历史 任务 台词 这样 写,我们的人一定能完成任务，重复了好几次。你或许觉得它前后逻辑似乎不连，其实这个语汇，也就是中华民族伟大复兴的历史任务。所以台词这样写。
拍电影 还是 做 政府 报告 啊 文戏 太差 科幻 叙事 就是 集体 叙事 里 插 一点 个体 个体 生死 交代 给 集体 居然 引起 大 范围 共鸣 真是 佩服 中国 观众,到底是在拍电影还是在做政府报告啊，文戏太差了，我们的科幻叙事就是集体叙事里插一点个体，最终个体的生死交代给集体，这居然也能引起大范围共鸣，我真是佩服中国观众。
这种 完成度 不过 美国 大片 不会 有人 喜欢 英雄 史观 不 习惯 人民 史观 就 不 给 高分 吧,"这种完成度，比不过哪个美国大片????

不会有人喜欢了英雄史观，不习惯人民史观，就不给高分吧"
抱 着 很大 期望 去 看 完 着实 失望 前半段 感情 线 看 生理 不适 懂 编剧 想要 塑造 韩 朵朵 女强人 形象 但 实话 说 韩 朵朵 所有 女性 形象 扁平 典型 男凝 刻板 把 女性 角色 去掉 不会 对 主线 推进 有 多 大 影响 韩 朵朵 一个 被 塑造 这么 强 女性 其 优秀 反映 男性 眼中 价值 就是 结婚 对 主线 贡献 就是 生 孩子 吴京 出于 保护 目的 把 韩 朵朵 关 另一侧 跑 去 单挑 迷惑 如果 真的 个人 英雄主义 加 感情 线 宁愿 看 他俩 并肩作战 不是 最后 玻璃 茬 花瓣 散落 一地 韩 朵朵 一拳 把 对手 击飞 嚷嚷 花 弄坏了 还有 一个 印象 很深 吴京用 拍 立得 拍 一家人 韩 朵朵 说 用 手机 拍 方便 修图 还有 啊 这句 话 真的 觉得 突兀 俗 以及 竟然 还有 胸部 特写 看到 对 太空 漫游 致敬 前半段 好感 掉 光后 不 觉得 高兴,抱着很大的期望去的，看完着实有些失望。前半段感情线看得生理不适，懂编剧想要塑造韩朵朵女强人的形象，但实话说不仅是韩朵朵、几乎所有女性形象很扁平，典型男凝刻板。把女性角色去掉可能不会对主线推进有多大影响，韩朵朵一个被塑造的这么强的女性，其优秀反映在男性眼中的价值就是结婚，对主线的贡献就是生了孩子。吴京出于“保护”目的把韩朵朵关在另一侧跑去单挑也很迷惑，如果真的要个人英雄主义加感情线，我宁愿看他俩并肩作战，而不是最后玻璃茬和花瓣散落一地、韩朵朵一拳把对手击飞嚷嚷花弄坏了。还有一个印象很深，吴京用拍立得拍了一家人，韩朵朵又说要用手机拍，因为方便修图…还有“我在啊”这句话，我真的觉得既突兀又俗。以及竟然还有胸部特写…看到了一些对太空漫游的致敬，前半段好感掉光后也不觉得高兴
三星 全部 给 到 诚意 以及 主创 团队 总结 几页 纸 拍 科幻 都 有 哪些 坑,三星全部给到诚意，以及，主创团队总结的那几页纸——“拍科幻都有哪些坑”。
中国式 科幻片 逐渐 形成 一种 新 科幻 类型 西方 强调 个人主义 英雄 价值观 相悖 中国式 科幻片 核心 价值观 概括 为家国 情怀 集体主义 自我牺牲 自我 感动 总之 就是 大国 崛起 叙事,中国式科幻片逐渐形成一种新的科幻类型，与西方强调的个人主义英雄价值观相悖的是，中国式科幻片核心价值观可以概括为：家国情怀、集体主义、自我牺牲、自我感动，总之就是大国崛起的叙事。
扣 一颗 星给 价值 取向 吧 幻想 中 末日 时 中国 人 不该 这么 自恋 如果 彼时 地球 人 划群 而治 真是太 令人 悲观 那样 哪 去 不了,扣一颗星给价值取向吧。我幻想中末日时的中国人，不该这么自恋。如果彼时地球人还在划群而治，那真是太令人悲观了。那样我们哪也去不了。
吴京 ptsd 都 被治好,我的吴京ptsd甚至都被治好了……
三星 半 特效 配乐 水平 优秀 但 叙事 直 男 味儿 真的 熏死 个人 有种 强烈 感 例如 塑造 一个 英姿飒爽 现代 女性 让 为 刘培强 让位 最后 就 只能 草率地 当 结婚 生子 背景 板 例如 李雪健 那个 角色 哈哈 三个 小时 片子 叙事 松散 剪辑 冗余 只能 沦落 到 反复 靠 各种 相似性 紧迫 事件 倒计时 来 抓住 观众 注意力 总而言之 类型 片 一次 突破 但 想 躺 功劳簿 上 接受 万世 敬仰 就 实在 个 笑话 btw 科幻 类型 片 对 女性 真是 明目张胆 地 打压 忽视 啊 哈哈哈,三星半，特效和配乐的水平非常优秀，但叙事的直男味儿真的熏死个人，有种强烈的“既要……又要……”感。例如既要塑造一个英姿飒爽的现代女性，又要让她为刘培强让位，最后就只能草率地当了结婚生子的背景板，又例如李雪健那个角色（哈哈），三个小时的片子叙事松散，剪辑冗余，只能沦落到反复靠各种相似性紧迫事件的倒计时来抓住观众的注意力。总而言之，是类型片的一次突破，但要想躺在功劳簿上接受万世敬仰，那就实在是个笑话了～（btw，科幻类型片对女性真是明目张胆地打压和忽视啊哈哈哈）
冗长 光靠 特效 情怀 不行,冗长，光靠特效与情怀是不行的。
什么 主旋律 政治 正确 觉得 这个 给 电影 打 低分 可笑 这部 电影 精华 所在 就是 思想 价值 所谓 个人 英雄 为 人类 做出 牺牲 人 都 英雄 演员 演技 在线 画面 好看 那个 太空 电梯 震撼 到 还有 电子 军犬 好 可爱 它会 说 别怕 这句 话 出现 过好 多次 有个 老爷爷 老奶奶 说 韩 朵朵 说 真 喜欢 这句 温暖 台词,什么是主旋律、政治正确？我觉得的因为这个给电影打低分太可笑了，这部电影的精华所在就是他的思想价值，没有所谓的个人英雄，因为每个为人类做出牺牲的人都是英雄。演员演技在线，画面好看，那个太空电梯震撼到我了。还有电子军犬好可爱，它会说“别怕，我在”，这句话出现过好多次，有个老爷爷和老奶奶也说了，韩朵朵也说了，我真喜欢这句温暖的台词。
难看 至极 如坐针毡 吹 这部 电影 人 良心 不会 痛 吗,难看至极，如坐针毡，吹这部电影的人，你们的良心不会痛吗
给 个 剧透 倒计时 啊 别人 家 导演 都 把 悬念 藏 着 掖 着 电影 巴不得 危急关头 告诉 嘿 这货 完成 任务,为什么一定要给个剧透倒计时啊？别人家的导演都把悬念藏着掖着，这电影巴不得在危急关头告诉你：嘿！这货一定能完成任务！
跟 第一部 相比 少 无趣 台词 笑 点 设计 场面 大 但 看 下来 就 一个 感觉 累累 到 都 怀疑 这帮 地球 人 折腾 什么 拍电影 讲 这么 个 故事 意义 哪 全片 剧情 全靠 大 字幕 来 推进 字幕 说 干嘛 下 一步 就 发生 什么 各种 航天 机械 满屏 窜 不 视觉 疲劳 才 怪 然后 动不动 就是 摄像头 特写 导演 生怕 观众 不 知道 人工智能 深意 最后 剩下 就 靠 老套 车祸 癌症 个人 英雄主义 大国 煽情 来 填满 就 刘德华 那条 线 数字 生命 设定 有 思考 价值 可惜 只是 浅尝辄止 千万别 吹 什么 中国 科幻 里程碑 不太配,跟第一部相比，虽然少了很多无趣的台词和笑点设计，场面也更大了，但看下来就一个感觉：累。累到我都怀疑这帮地球人到底在折腾什么，甚至拍电影讲这么个故事的意义在哪。全片剧情全靠大字幕来推进，字幕说干嘛，下一步就发生什么，各种航天机械满屏窜，不视觉疲劳才怪。然后动不动就是摄像头特写，导演生怕观众不知道人工智能的“深意”，最后剩下的就靠一些很老套的车祸、癌症、个人英雄主义、大国煽情来填满。也就刘德华那条线的数字生命设定有思考价值，可惜也只是浅尝辄止。千万别吹什么中国科幻的里程碑了，还不太配。
爹得 有点 头痛,爹得有点头痛……
中国 科幻电影 终于 出师 逻辑 细节 存在 各种 槽 点 但 整体 气质 大 环境 叙事 饱满 充实 视觉效果 惊艳 媲美 好莱坞 连 propaganda 形式 都 一摸 一样 动人 部分 人 不 理性 时刻 两个 父亲 为了 家庭 牺牲 渺小 宏大 交织 看 完后 想 问 MOSS 认识 HAL 吗,中国科幻电影终于出师了！虽然逻辑细节存在各种槽点，但整体气质和大环境叙事饱满充实，视觉效果惊艳，媲美好莱坞（甚至连propaganda的形式都一摸一样）。最动人的部分依然是人最不理性的时刻，两个父亲为了家庭的牺牲，渺小与宏大的交织。看完后我很想问MOSS，你认识HAL吗？
知道 特效 很燃 炸 作为 一部 电影 失去 讲故事 能力 纯粹 流水账 不 知道 这么 多人 吹,我知道特效很燃很炸，但是作为一部电影，它失去了最基本的讲故事的能力，纯粹是流水账，不知道为什么这么多人吹。
三星 半 还是 灾难片 科幻 有 加强 美术 部分 大有 进步 但 数字 生命 最后 作为 背 密码 工具 使用 被 认可 最大 价值 笑 人类 宿命 殊途同归 就是 工具 这个 点上 写出 最后 死士 情节 不足为奇 十年 科幻片 延续 着 诺兰 建立 话语 体系 上 写 就 本片 做 模仿 但 免不了 用 这样 古旧 传统 战争片 桥段 去 填充 另外 就是 不 喜欢 用作 戏用 狭隘 地域观念 国与国 区分 才能 写出 对抗 中间 包含 着 对于 对立 观点 片面 描绘 第一场 战斗 因此 而生 篇幅 不要 人物 第一部 做得好 顾此失彼 但 第一部 借 人物 做成 团队 爽片 不行 刘培强 遇到 韩 朵朵 那么 优秀 女性 脑子 第一个 画面 结婚 生子 让 人 反感 结合 后来 刘 成为 孤胆 英雄 韩 就 绝症 让 人 emmm 全片 喜欢 宁理 声音 部分 真实 让 这个 角色 变得 立体 有 听不清 时,三星半。还是灾难片，科幻有加强，美术的部分大有进步，但数字生命最后作为背密码的工具使用被认可了最大价值（笑，和人类的宿命殊途同归，就是工具，在这个点上写出了最后的“死士”情节不足为奇，这十年科幻片几乎是延续着诺兰建立的话语体系上写就的，本片做了模仿，但免不了用这样古旧的传统战争片桥段去填充，另外就是我不太喜欢一直用作戏用的狭隘的地域观念，国与国的区分才能写出对抗，这中间还包含着对于对立观点的片面描绘，第一场战斗是因此而生，在篇幅也可以不要。人物没有第一部做得好，顾此失彼，但第一部借人物做成了团队爽片也不行，刘培强遇到韩朵朵那么优秀的女性，脑子第一个画面是结婚生子，让人反感，结合后来刘成为孤胆英雄，韩就得了绝症，让人emmm，全片我很喜欢宁理的声音部分，真实，又让这个角色变得立体，虽然也有听不清时
建议 全人类 观看,建议 全人类观看
李老师 演挺 好 但 不能 把 那些 镜头 删 啊,李老师演挺好，但能不能把他那些镜头删了啊
人类文明 终极 矛盾 人类 对 人 执念 AI 对 理性 奢望 之间 矛盾 Moss aka 小 苔藓 马兆 aka 浪球章 北海 郭帆 龚格尔 跟 大 刘 一个 毛病 帮助 中国 科幻电影 工业 威慑 度 突破 百分之 时候 对 女性 人物 理解 塑造 威慑 度 如 一条 爬行 蚯蚓,"人类文明的终极矛盾，是人类对人的执念与AI对理性的奢望之间的矛盾——Moss aka小苔藓 & 马兆aka浪球章北海

但是郭帆龚格尔跟大刘一个毛病，在帮助中国科幻电影工业的威慑度突破百分之98的时候，对女性人物理解与塑造的威慑度依然如一条爬行的蚯蚓……"
受不了 跟风 吹 这部 电影 本人 差评 本人 理工科 电影 爱好者 电影 不是 亮点 但 实在 不 理解 某些 观众 盲目 吹捧 认为 这部 电影 整体 框架 节奏 剪辑 不好 导演 多线 叙事 能力 弱 第一部 故事 简单 拍 出来 挺 流畅 第二部 故事 复杂 导演 明显 水平 不足 金刚钻 别揽 瓷器活 作为 电影 该片 表现 糟糕 以至于 并 不想 花 时间 去 研究 什么 线索 伏笔 建议 先 把 故事 讲好,受不了跟风吹的了，这部电影本人差评。本人理工科电影爱好者，这电影不是没有亮点，但我实在不理解某些观众的盲目吹捧。我认为这部电影整体框架、节奏、剪辑很不好，导演多线叙事能力弱。第一部故事简单，拍出来还挺流畅，第二部故事复杂了，导演明显水平不足，没有金刚钻别揽瓷器活。作为电影，该片表现很糟糕，以至于我并不想花时间去研究什么“线索”和“伏笔”，建议先把故事讲好。
睡着,睡着了……
遇事 慌乱 大喊大叫 永远 美国 人 俄罗斯 人 就是 憨态可掬 形象 智勇双全 永远 中国 人周 主任 没道理 强制 点火 那段 剧情 实在 圆 不 回来 感觉 为了 面子 不顾后果 反正 就算 失败 大家 都 立马 完蛋 找不着 我来 承担责任 人类 收到 神秘 提醒 事 好像 只有 中国 人 说 出来 说 出来 后 国家 人 没当回事 儿 只有 中国 人 思考 摇号 政策 无情 且 合理 但 中国 最后 站 出来 反对 有 理由 怀疑 导演 这么 安排 阴阳怪气 最后 周 主任 秘书 一字 不落 模仿 周 主任 说话 那个 腔调 有点 不适 好像 给 新人 立威 似的 片中 女性 角色 太过 工具 人 回想 下 成 帮助 塑造 男主角 形象 工具 人 特效 不错 实在 从头到尾 都 好 国内 巅峰 立 个 榜样 有 新闻 说 成本 满江红 差不多 如果 真的 满江红 明星 可 真够 贵,"遇事慌乱大喊大叫的永远是美国人，俄罗斯人就是憨态可掬的形象，智勇双全的永远是中国人。

周主任没道理强制要点火那段剧情实在圆不回来。感觉是为了面子不顾后果。反正就算失败了大家都立马完蛋，你们也找不着我来承担责任。

关于人类收到神秘提醒的事。好像只有中国人说出来，而且说出来后其他国家人也没当回事儿，只有中国人在思考。

摇号政策无情且合理。但中国最后站出来反对，我有理由怀疑导演这么安排是在阴阳怪气。

最后周主任的秘书一字不落模仿周主任说话那个腔调有点不适。好像给新人立威似的。

片中女性角色太过工具人，而且回想下还成了帮助塑造男主角形象的工具人。

特效不错，很实在，从头到尾都很好。国内巅峰，立了个榜样。有新闻说成本和满江红差不多，如果是真的，那满江红的明星可真够贵的了。"
中国航天 中队 岁 出列,中国航天中队，50岁以上的，出列！
尼玛 主旋律 别 看到 吴京 就 主旋律 行不行 宣扬 不是 全人类 命运 共同体 吗,这尼玛主旋律？别看到吴京就主旋律行不行，这宣扬的不是全人类的命运共同体吗
有趣 如果 图恒宇 纯粹 为 个人 情感 驱动 自私 片中 所有 集体主义 行动 都 不过 难堪 笑话 灭顶 灾难 简直 一个 斯密 式 黑色 寓言,有趣的是，如果没有图恒宇纯粹为个人情感驱动的“自私”，片中所有的“集体主义”行动都不过是难堪笑话与灭顶灾难，这简直是一个斯密式的黑色寓言。
毁灭 人类 明明 有 那么 多 直接 隐蔽 方法 ai 偏偏 用 相当 曲折 但 戏剧性 一种 如果 不是 为了 研究 考验 人类 实在 说不过去,毁灭人类明明有那么多直接和隐蔽的方法，ai偏偏用了相当曲折但戏剧性的一种。如果不是为了研究或考验人类，实在是说不过去。
看 流浪 地球 为 满江红 这种 商业 烂片 感到 悲哀,看了流浪地球2，我为满江红这种商业烂片感到悲哀。
吴京 部分 难看 李雪健 最后 强行 点火 充满 傲慢 即使 受到 moss 暗示 但 强硬 爱国 情怀 中 看到 对 人性 不 尊重 傲慢 让 整场 观感 骤降,"吴京的部分太难看了。
李雪健最后强行点火充满了傲慢，即使这可能受到了moss的暗示。但在之前强硬的爱国情怀中，只看到了对人性的不尊重与傲慢，让整场的观感骤降。"
这类 片 看 越 多 就 越 发现自己 难以 宏大 叙事 中 寻求 共鸣 女人 注定 这些 宏大 命题 下 outsider 旁观者 视角 一点 感悟 李雪健 角色 真的 太有 那味 凡 别人 提出 实际 问题 必用 一堆 旁征博引 亘古亘今 实则 假大空 大道理 来 放大 屁 跟 讲 困难 跟 讲 情怀 告诉 实验 失败 跟 扯 黎明前 黑暗 一万五千 年前 化石 闹 呢,这类片看的越多就越发现自己难以在宏大叙事中寻求共鸣，女人注定是这些宏大命题下的outsider。（旁观者视角的一点感悟：李雪健的角色真的太有那味了，凡别人提出实际问题必用一堆旁征博引亘古亘今实则假大空的大道理来放大屁，你跟他讲困难，他跟你讲情怀；你告诉他实验失败，他跟你扯黎明前的黑暗和一万五千年前的化石，闹呢…）
不 需要 多 说 核心理念 吊打 阿凡 达 系列 殖民 思想,不需要多说。核心理念，吊打《阿凡达》系列的殖民思想。
实现 少时 读 刘慈欣 时候 愿望 也许 年纪 大 吧 对 那些 主旋律 肤浅 东西 没 那么 吹毛求疵 愿意 相信 限制 中 做出 最大 努力 谁 不 傻瓜 不 这么 办 刘慈欣 场景 有 机会 表现 出来 呢 加油 吧,实现了少时读刘慈欣时候的愿望。也许年纪大了吧，对那些主旋律和肤浅的东西，没那么吹毛求疵了。我更愿意相信，他们已经在限制中做出了最大的努力，谁也不傻瓜，不这么办，刘慈欣的场景又怎么有机会表现出来呢？加油吧。
科幻 工业 美学 震撼 太空 电梯 视效 让 人 惊喜 不 知道 时间 不够 还是 逻辑 bug 地方 感觉 讲清楚 移山 计划 数字 生命 明明 互补 双方 搞 不 死不休 其次 生命 形式 人工智能 探讨 只是 浅浅 带 过 整部 片子 看起来 有点 赶 整体 来说 这部 片子 讲述 人类 迁徙 史诗 不 单单 只是 勇敢 赞歌 流露出 渺小 人类文明 挣扎 求生 透骨 悲凉 努力 前行 微末 希望 交织 适当 小 幽默 贯穿 其中 不会 显得 过分 沉重 独特 科幻 叙事 希望 后续 更加 精彩,"科幻工业美学很震撼，特别是太空电梯的视效让人惊喜。
不知道是时间不够，还是逻辑bug，有些地方感觉没有讲清楚，比如移山计划和数字生命明明可以互补，为什么双方搞得不死不休。其次关于生命形式、人工智能等探讨只是浅浅带过，整部片子看起来有点赶。
整体来说，这部片子讲述的人类迁徙史诗不单单只是勇敢的赞歌，它流露出的是渺小的人类文明挣扎求生的透骨悲凉和努力前行的微末希望的交织。适当的小幽默贯穿其中，又不会显得过分沉重，是非常独特的科幻叙事，希望后续更加精彩。"
星比 第一部 少 sb 角色 就 赢 大 阵容 无 解 过去 十年 内地 香港 最能 扛 票房 两个 男人 合体 吴京 刘德华 卖 票房 李雪健 吴孟达 卖 情怀 选择 老戏骨 想必 导演 对 老一辈 演员 敬意 吴京 华仔 两个 部分 双线 并进 吴京 负责 搞笑 华仔 负责 提升 本片 科幻 人文 高度 把 沙溢 演技 给 突出 来 自然 东北 派 演技 华仔 角色 继续 点题 第一部 名 台词 行车 不 规范 亲人 两行 泪中 俄 一家亲 给 美国 留 体面 前半段 联合 基地 防御 无人机 那段 超级 炸 太空 电梯 细节 真实感 无可挑剔 某段 配乐 很环 太平洋 人类 把 精密 系统 都 用到 彼此 毁灭 贴合 当今世界 现实 AI 技术 大量 运用 让 吴京 回春 修复 李雪健 老爷子 声音 复活 吴孟达 达叔 面貌 精雕 下,4星。比第一部少了很多sb角色就赢大了。1.阵容无解，过去十年内地+香港最能扛票房的两个男人合体，吴京+刘德华卖票房，李雪健+吴孟达卖情怀。选择老戏骨想必是导演对老一辈演员的敬意。2.吴京和华仔两个部分双线并进，吴京负责搞笑，华仔负责提升本片科幻人文高度。3.把沙溢的演技给突出来了，非常自然的东北派演技。4.华仔角色继续点题第一部名台词：行车不规范，亲人两行泪。5.中俄一家亲，给美国留了体面。6.前半段联合基地防御无人机那段超级炸，太空电梯的细节和真实感无可挑剔，某段配乐很“环太平洋”。7.“人类把最精密的系统都用到了彼此毁灭之上。”非常贴合当今世界现实了。8.AI技术大量运用，让吴京回春，修复李雪健老爷子的声音，“复活”吴孟达，达叔的面貌还可以再精雕下。
中间 真的 长 无聊 跟 朋友 电影院 快 睡着 看到 最后 觉得 太多 男,中间真的又长又无聊，跟朋友在电影院快睡着了，看到最后只觉得“太多男的了”🥱
太阳 刚 片子 充满 男式 爱情 意淫 对 自己 自己 国家 道德 至 高点 意淫 对 国家 轻浮 刻板 印象 刘慈欣 写 不好 一个 女性 角色 片子 里 女性 角色 像是 作为 性别 点缀 存在 平板 空洞 内核 性格 像是 为了 有 强 有 欲盖弥彰 作为 科幻片 科学 逻辑 大 漏洞 还有 战狼式 个人 英雄主义 他人 英雄主义 让 人 不适 好 地方 图桓宇 条线 比较 有意思 刘德华 演绎 完美 视觉效果 做 不错,太阳刚的片子。充满了男式的爱情意淫，对自己/自己的国家总是道德至高点的意淫和对其他国家轻浮的刻板印象。刘慈欣甚至写不好一个女性角色。片子里的女性角色更像是作为性别的点缀而存在的，平板空洞，没有内核，她们的性格更像是为了有而强有的，所以欲盖弥彰。作为科幻片，科学逻辑大漏洞仍然还有。战狼式的个人英雄主义和他人英雄主义让人不适。           好的地方是图桓宇这条线比较有意思，刘德华的演绎也很完美。有些视觉效果做的不错。
三颗 星全 给 特效 难得 made in china 吧 but 情节 拖沓 建议 时 长 缩减 一半 左边 观众 睡着 右边 观众 看 一半 离场 战狼味 直冲 云霄 以为 看 流浪 地球 战狼版 女性 角色 全是 为了 成全 大 男子 英雄主义 年轻 演员 台词 念 有点 差 幽默 硬 点 煽情 套路 点 直 男 视角 下 玫瑰 浪漫 爱情 慈父 视角 下 钢铁 父女情 都 好典 哦 像 被 喂 一碗 沉甸甸 杂交 水稻 看得 我发 齁,三颗星全给特效（难得的made in china吧）but情节拖沓建议时长缩减一半（左边观众睡着右边观众看一半离场了），战狼味直冲云霄我以为我在看《流浪地球（战狼版）》，女性角色全是为了成全大男子英雄主义，年轻演员台词念的有点太差，幽默也太硬了点，煽情也太套路了点，直男视角下的玫瑰浪漫和爱情、慈父视角下的钢铁父女情都好典哦，像被喂了一碗沉甸甸的杂交水稻，看得我发齁
个人感觉 唯一 缺点 一旦 意识形态 味 浓 会 把 人物 变得 标签 化 脸谱化 牺牲 合理性 探讨 人类文明 存亡 议题 跳 不出 红色 逻辑 女性 参与 显得 很小 气 这点 上 第一部 第二部 强 故事 简单 但 自洽 图马 那条 线 主线 好些,个人感觉唯一缺点是一旦意识形态味太浓了会把人物变得标签化脸谱化，牺牲一些合理性。探讨人类文明存亡议题却跳不出红色逻辑，甚至几乎没有女性参与，显得很小气。这点上，第一部比第二部强，虽然故事简单但更自洽。图马那条线，比主线好些。
尽管 观感 疲劳 看 累 乱 剧作 单薄 庞大 叙事 主题 无法 让 节奏 紧密 只能 更加 割裂 松散 光靠 特效 堆砌 灾难 奇观 显然 无法 让 人 坚持 三 小时 注意力 但 还是 要说 质量 确实 相当 高 用心 确实 拍出 宏伟 澎湃 大片 风范 还是 不 喜欢 吴京 英雄主义 做作 家国 情怀 喜欢 刘德华 上载 永生 自我 反思,尽管观感有些疲劳，看的累，也乱，因为剧作的单薄和庞大的叙事主题，无法让节奏紧密，只能是更加割裂和松散，光靠特效堆砌和灾难奇观显然无法让人坚持三小时注意力。但我还是要说，质量确实相当高，很用心，确实拍出了宏伟澎湃的大片风范。我还是不喜欢吴京的英雄主义和做作的家国情怀，我更喜欢刘德华的上载永生和自我反思。
评分 能比 满江红 高 就 离谱 里面 绝对 tmd 有 猫腻 如果说 惊喜 小破球 就是 赶工 大烂球 整个 观影 体验 用 遭罪 来 概括 看 这个 乱 长 电影 遭罪 看着 满 电影院 人 电影 长 难看 而刷 手机 聊天 屏摄 提前 离场 遭罪 真的 喜欢 第一部 如果 创作 团队 不 好好 吸取 第二部 教训 的话 真的 拍 第三 部分 必要 问题 实在 太多 结构 安排 有大 问题 最吸睛 特效 没 多 好 夸张 点 说 根本 就 不是 一部 完整 电影 全都 碎片 这些 碎片 里 不乏 有 良品 整体 上 来看 还是 失败 创作 团队 对 宏大 叙事 野心 太大 没 这个 能力 根本 把握 不住 天呐 好久 看 完 一部 电影 这么 心烦 评述 带有 强烈 负面 情绪,📽这评分还能比《满江红》高就离谱，这里面绝对tmd有猫腻！如果说1是惊喜的小破球，2就是赶工的大烂球。整个观影体验可以用“遭罪”来概括，看这个又乱又长的电影是遭罪，看着满电影院的人因为电影又长又难看而刷手机聊天屏摄提前离场更是遭罪。我真的很喜欢第一部，如果创作团队不好好吸取第二部的教训的话，真的没有拍第三部分必要了。问题实在太多了，结构安排有大问题，最吸睛的特效也没多好。夸张点说这根本就不是一部完整的电影，全都是一些碎片，虽然这些碎片里也不乏有一些良品，但是整体上来看还是太失败了。创作团队对宏大叙事的野心太大了，但是没这个能力根本把握不住。天呐好久没有因为看完一部电影这么心烦了，以上评述带有强烈的负面情绪。
想 单独 给 刘德华 五星 无论是 对智械 危机 呈现 还是 生命 哲学 思考 以及 演技 都 让 另外 两条 故事 线 望尘莫及 如果 吴京线 可有可无 李雪健 故事 线 就 完全 拉 低 整部 电影 水平 以及 刺激 尴尬 症 发作 摆脱 不了 喊 口号式 表演 算一算 年份 其实 他演 个 后,想单独给刘德华五星，无论是对智械危机的呈现还是生命的哲学思考（以及演技）都让另外两条故事线望尘莫及。如果吴京线是可有可无的，那李雪健的故事线就完全是在拉低整部电影的水平以及刺激我的尴尬症发作，摆脱不了喊口号式的表演，但是算一算年份其实他演的是个90后.......
觉得 把 煽情 桥段 删除 删除 口号 太多,我觉得可以把煽情桥段删除删除，口号太多了。
喜欢 电梯 大 全景 来回 穿梭 部分 麻 机械 迷 会 比较 嗨 细节 给 多 按 MOSS 给 时间 节点 三 小时 拍 两次 危机 两部 片子 时 长量 很大 地方 不能 细 想 好比 移山 计划 数字 生命 计划 有 什么 冲突 只能 选 一个 做 科技 发展 最大 好处 不 就是 提供 多 可能性 么 各自 寻找 出路 不是 挺 好 片子 结尾 其实 就是 两个 计划 并 存在 人工智能 具有 自我意识 且 做出 长 达 百年 预判 年代 执行 核弹 爆炸 潜入 水底 作业 需要 人 肉身 执行 不是 靠 远程 遥控 高 操作 精度 机器人 说 不 过去 类似 问题 还有 几十年 手机 差不多 最后 北京 中心 成功 启动 完全 图恒宇 意外 介入 周喆直 对 做到 信心 建立 偶然 上 这种 信心 就 显得 盲目,喜欢电梯大全景和来回穿梭的部分，麻。机械迷可能会比较嗨，细节给得多。按 MOSS 给的时间节点，三小时拍了两次危机，几乎是两部片子的时长，量很大，但是有些地方不能细想：好比“移山计划”和“数字生命计划”到底有什么冲突，为什么只能选一个做，科技发展最大的好处不就是提供更多可能性么，各自寻找出路不是挺好，片子结尾其实就是两个计划并存；在人工智能具有自我意识且能做出长达百年预判的年代，执行核弹爆炸和潜入水底作业还需要人肉身执行，而不是靠远程遥控高操作精度的机器人，说不太过去，类似的问题还有几十年之后的手机和现在差不多；最后北京中心的成功启动完全因为图恒宇的意外介入，周喆直对“一定能做到”的信心建立在偶然上，这种信心就显得很盲目了。
放眼 全球 近十年 来 没 看过 这么 纯正 硬核 科幻片,放眼全球，近十年来没看过这么纯正硬核的科幻片。
借用 一句 话 如果说 流浪 地球 打开 中国 科幻电影 大门 那么 流浪 地球 亲手 拉 着 出门 指着 天上 万千 星河 说 抬头 看 如此 闪耀,借用一句话：如果说流浪地球1打开了中国科幻电影的大门，那么流浪地球2是亲手拉着你出门指着天上万千星河说：抬头看，我们也能如此闪耀。
观后 心情 复杂 绝对 中国 科幻 史上 里程碑式 作品 特效 水平 丝毫 不输 好莱坞 故事 硬核 相对 第一部 增加 笑 点 适时 且 不 惹人讨厌 人物 塑造 上 有华仔 这样 相对 饱满 角色 但 剧情 上 缺乏 那么 合理性 其实 中国 国情 来说 还是 不 适合 拍 个人 英雄主义 电影 而是 适合 集体 英雄主义 丝毫 不会 为 吴京 莽汉 式 两次 关门 救人 李雪健 老师 撒泼 式 中国 人 会 完成 任务 到 点 就 必须 按下 按钮 话语 所 感动 却会 马兆 知道 自己 无法 逃脱 挥手 让 图恒宇 离开 沙溢 老一辈 航飞员 敢死 任务 前 挺身而出 把 生 希望 留给 年轻 人 泪流 不止 便是 刻意 煽情 鼓动 自然 共情 之间 区别 其实 中国 不 缺乏 好 题材 好 原著 但 怎样 把 故事 拍得 让 人 信服 不 做作 不 过度 宣扬 中国 主义 个人主义 才 导演 们 永远 课题,"观后心情有些复杂。这绝对是中国科幻史上里程碑式的作品，特效水平丝毫不输好莱坞，故事硬核，相对第一部，增加了笑点，适时且不惹人讨厌，人物塑造上也有华仔这样相对饱满的角色，但剧情上却仍是缺乏了那么一些合理性。
其实以中国的国情来说，还是不适合拍个人英雄主义电影，而是更适合集体英雄主义。我丝毫不会为吴京莽汉式的两次关门“救人”、李雪健老师撒泼式“中国人一定会完成任务，到点就必须按下按钮”的话语所感动，却会因为马兆知道自己无法逃脱而挥手让图恒宇离开、沙溢和老一辈的航飞员在敢死任务前挺身而出，把生的希望留给更年轻的人而泪流不止。这便是刻意的煽情、鼓动，和自然共情之间的区别。
其实中国不缺乏好的题材和好的原著，但怎样把故事拍得让人信服、不做作、不过度宣扬“中国主义”和“个人主义”，才是导演们永远的课题。"
靠 相信 类 玄学 话术 解决 危机 超越 科幻,靠“我相信”这类玄学话术解决最终危机，这已经超越科幻了
震撼 竟然 太空 电梯 出现 时候 我心 里面 喊 着 汪 三水 汪 三水 牛 逼,最震撼的竟然是太空电梯出现的时候，我心里面一直在喊着“汪三水! 汪三水! 牛逼!”
爆米花 电影 就 不要 强行 上 价值观 这种 东西 润物无声 反复强调 就 会 让 人 反感,爆米花电影就不要强行上价值观，这种东西是润物无声的，反复强调就会让人反感
好消息 特效 不再 影响 中国 科幻电影 重要 因素 坏消息 不能 把 特效 当作 拍 不好 科幻电影 遮羞布 郭帆 除了 需要 好好 学学 讲故事 需要 好好 学学 剪 片子 稀烂 节奏 尴尬 过场 无数 废 镜头 小时 起码 有 一半 时长 都 令 坐立 难安,好消息是「特效」不再是影响中国科幻电影的重要因素了，坏消息是不能再把特效当作拍不好科幻电影的遮羞布了。郭帆除了需要再好好学学怎么讲故事，更需要好好学学怎么剪片子。这稀烂的节奏，尴尬的过场，无数的废镜头，3小时起码有一半以上时长都令我坐立难安。
缺点 满满 到 让 人 无法 处理 满 到 影响 观影 体验 但 同样 优点 奢侈 毫不 留力 挥洒 点子 奢侈,缺点是满，满到让人无法处理，满到影响观影体验。但这也同样是优点——奢侈，毫不留力挥洒点子的奢侈。
只有 中国 人会 有 信心 耐心 执行 一个 长 达 两千五百 年 计划,只有中国人会有信心和耐心执行一个长达两千五百年的计划
少 一颗 星 女性 角色 塑造 上,少的一颗星在女性角色塑造上。
不要 拿 电影工业 来说 事 工业 堆料 太足 以至于 电影 反而 失效 第一部 来 故事 冗长 稀碎 人物 塑造 扁平 台词 极其 尴尬 剩下 让 人 消化不良 视觉 奇观 傲慢 自大 人类 中心主义,不要再拿电影工业来说事了，工业堆料太足，以至于“电影”反而失效了。比起第一部来，故事冗长稀碎，人物塑造扁平，台词极其尴尬，只剩下让人消化不良的视觉奇观和傲慢自大的人类中心主义。
光 一个 太空 电梯 就值 回 票价 好多 影评人 吃 多 炸鱼 薯条 上来 一盘 饺子 自然 接受 不了 脑子 被 好莱坞 传递 西方 价值观 洗透 为 有 牺牲 多 壮志 东方 智慧 面对 人类 危机 表现 出 魄力 眼界 不是 牛仔 们 想到 人类 多样性 真正 体现 大禹治水 不 造船,光一个太空电梯就值回票价了，好多影评人吃多了炸鱼薯条，上来一盘饺子自然接受不了，脑子已经被好莱坞传递的西方价值观洗透了。为有牺牲多壮志，东方智慧面对人类危机表现出的魄力和眼界，不是牛仔们能够想到的。这是人类多样性的真正体现。大禹治水不造船
我要 给 完整 一生 吴京 婚礼 数字化 吴孟达 元 平米 末日 北京 房价 人类 文明 毫无意义 环球 城市 大道 电影院 激光 IMAX 厅,“我要给她完整的一生” 2046吴京的婚礼、数字化的吴孟达、300元/平米的末日北京房价…没有人类的文明，毫无意义。@环球城市大道电影院·激光IMAX厅
科幻 不硬 啥 硬 杠精 嘴 吗 场面 特效 情怀 细节 煽情 啥 有 啥 反正 美式 主旋律 过时 腻 中式 主旋律 yyds,这科幻不硬，啥硬，杠精的嘴吗？而且场面、特效、情怀、细节、煽情，要啥有啥。反正美式主旋律太过时了，我是腻了，中式主旋律yyds！
好莱坞 目前 没 能力 拍 出来 这种 片子,好莱坞目前应该没能力再拍出来这种片子
得到 足够 大 满足感 但 必须 献上 敬意 肉眼 可见 难 拍 直接 全景式 末日 危机 人类 自救 想象力 概念 观众 对 标的 好莱坞 大片 不 落下风 说 选择 一条 艰难 路线 有 一丝 半点 差错 大意 都 会 雷人 可笑 不可 信相较 鸡 贼 胡同 大片 满江红 对得起 票价 三个 男主 对应 命运 共同体 集体主义 家庭 至上 意义 构架 虽 未必 多 高级 新意 但 这个 主题 里 合适 差 文化 包装 上 毕竟 炸毁 诗人 吟诵 过 星球 创作者 不能 把 当作 一个 焚尸 事件 需要 让 电影 身段 柔软 一点,虽然没有得到足够大的满足感，但必须献上我的敬意。肉眼可见的难拍，直接全景式的末日危机和人类自救，想象力和概念与观众对标的好莱坞大片不落下风，而且可以说选择了一条最艰难的路线，有一丝半点差错大意，都会雷人可笑不可信。相较鸡贼的胡同大片满江红更对得起票价。三个男主，对应的命运共同体、集体主义、家庭至上的意义构架，虽未必多高级和新意但在这个主题里是合适的。差在文化的包装上，毕竟你要炸毁的是多少诗人吟诵过的星球，创作者不能只把它当作一个焚尸事件，你需要让电影的身段柔软一点。
但求 下 一部 专注 讲 好 主线 故事 少 点儿 煽情 幽默 爱情 不会 拍 不 拍,但求下一部专注于讲好主线故事，少点儿煽情，幽默和爱情不会拍可以不拍。
这个 电影 才 打 良心 哪里 满江红 如果 不是 国师 名声 真的 不够 给 流浪 地球 提鞋,这个电影你们才打8.2，良心在哪里？《满江红》如果不是国师的名声，真的不够给《流浪地球2提鞋》
中国 科幻电影 之光 就是 有个 最大 bug 中国 服务器 连 上 外网 呢 狗头,中国科幻电影之光，就是有个最大的bug，中国的服务器怎么能连上外网呢（狗头）
咱 就是说 各种 倒数 是不是 琳琅满目,咱就是说，各种倒数是不是琳琅满目了一些
如果 没 猜错 李雪健 老师 妆容 模仿 周总理,如果我没猜错，李雪健老师的妆容是模仿的周总理❤️
岁 出列 都 理解 李雪健 强行 点火 就 完全 煽动 情绪 扼杀 理智 那个 执行员 耳根子 真的 软 好好 科幻片 就 不要 搞政宣 一套,50岁以上出列都还能够理解，李雪健强行点火就完全是煽动情绪扼杀理智了，而那个执行员的耳根子也是真的软。好好的科幻片，就不要搞政宣那一套了。
思考 个人 只有 家国 这些 集体 东西 中国 科幻 缺 不是 特效 缺 脑,没有思考，没有个人，只有“家”“国”这些集体的东西，中国科幻缺的不是特效，缺的是脑
刻板 印象 爹味 太多,刻板印象和爹味太多了
工业 完成度 高 一部 中国 科幻电影 格局 更大 恢宏 被 吐 槽 国产 特效 不 没 问题 炸 地标 救 地球 好莱坞 玩 剩 东西 但 拍成 这个 样子 还是 自豪 开头 电梯 大战 着实 惊艳 这不比 好莱坞 大片 好看 槽 点 李雪健 角色 板正 中国式 领导 漂亮话 说太满 适得其反 两条 内核 不同 故事 线 造成 主题 散碎 故事 冗长 但 整体 来说 中国 科幻 拍成 这样 牛 逼,工业完成度非常高的一部中国科幻电影，格局更大也更恢宏。一直被吐槽的“国产特效”这不没问题？虽然炸地标救地球是好莱坞玩剩的东西，但我们能拍成这个样子还是很自豪。开头电梯大战着实惊艳，这不比好莱坞大片好看？槽点是李雪健角色太板正，太“中国式领导”，漂亮话说太满适得其反。两条内核不同的故事线造成主题散碎和故事冗长。但整体来说，中国科幻能拍成这样，牛逼！
制作 部分 只是 故事 讲得 实在 松散 浪费时间 每次 看到 大字 说明 才 知道 正在 将要 发生 什么 最后 三个 小时 下来 就 记住 爸爸 爸爸 这道题 解 啊 真是 头疼,制作部分还可以，只是这故事讲得实在太松散太浪费时间，每次看到大字说明才知道正在和将要发生什么，最后三个小时下来就记住“爸爸爸爸这道题怎么解啊”…真是头疼。
完全 什么 作用 女性 角色 塑造 唉 啊,完全没有什么作用的女性角色塑造，唉，啊这
想到 李诞 那段 救猫 还是 救画 为了 远处 哭声 忽略 近处 哭声 电影 里 那些 流离失所 百姓 一句 台词 都,想到李诞那段救猫还是救画，为了远处的哭声而忽略了近处的哭声。电影里那些流离失所的百姓一句台词都没有。
跟 一样 真的 get 不到 刘德华 出来 前 真的 无聊 到 犯困 俗套 男女 主 故事 都 几年 男主 一个劲 逞英雄 女性 角色 魅力 全无 还有 周 老师 指着 拐杖 说 点火 时候 真的 脚趾 扣地,跟1一样，我真的get不到…刘德华出来前真的无聊到犯困，俗套的男女主故事，都204几年了男主还在一个劲逞英雄，女性角色魅力全无。还有，周老师指着拐杖说点火的时候我真的脚趾扣地了
去 电影 看 绝对值 看 完 流浪 地球 后 出现 严重 后遗症 看 不了 美国 大片 每当 出现 包括 但 不 限于 情节 时 一秒 出戏 遇到 天大 灾难 全国 全世界 都 不行 就 全世界 都 想 不 明白 问题 都 打 不过 bos 就 一个 小 杂兵 能干 成 有 星际 宇航 能力 战斗 时候 拼刺刀 不管 哪 国人 外星人 天然 开口 就 说 英语 不管 哪 国人 外星人 黑人 打大 bos 非要 来 一炮 敌人 女儿 妹妹 老婆 女军官 不顾 文化 不顾 仇恨 不顾 品种 就 上 赶着 爱上你 就要 打炮 就 人类 灯塔 吗,"去电影看，绝对值。

看完流浪地球2 和 1 后，现在出现了严重的后遗症。看不了美国大片了。每当出现包括但不限于以下情节时，一秒出戏。
1.遇到天大的灾难，全国全世界都不行，就你能的。全世界都想不明白的问题，都打不过的boss，就你一个小杂兵能干成的。
2.有了星际宇航的能力，战斗时候还要拼刺刀的。
3.不管哪国人甚至外星人天然开口就说英语的。
4.不管是哪国人甚至外星人，是黑人的。
5.打大boss之前或者之后，非要来一炮的
6.敌人的女儿/妹妹/老婆/女军官……不顾文化不顾仇恨甚至不顾品种就上赶着要爱上你就要和你打炮的(就因为你是人类灯塔吗?)"
最棒 科幻 场景 浓浓的 爹味 交织 一起,最棒的科幻场景与浓浓的爹味交织在一起
制作 牛 剧本 行 主要 问题 在于 剪辑 是不是 剪 预告片 出身 啊 每段 结构 拆开 看 完全 一样 煽情 煽情 煽情 反反复复 高潮 多 就 会 看起来 高潮 呀 看 精神 上 好 疲惫 讨厌 这种 价值观,，制作是牛的，剧本也行，主要问题在于，，，你们的剪辑是不是剪预告片出身啊。。。。每段的结构拆开看是完全一样的，为什么一直在煽情一直在煽情一直在煽情。。。反反复复，高潮多了就会看起来没有高潮了呀。。。看得我精神上好疲惫&我讨厌这种价值观
希望 一万 五年 后 一根 股骨 愈合,希望一万五年后的现在，一根股骨也能愈合
第一部 相比 进步 成熟 令人 惊讶 同时 具有 西式 科幻 截然不同 视角 节奏 平视 中 解读 爱 牺牲 高 维度 上 探索 存在 死亡 制作 上 饱满度 华语 电影 巅峰 作 不同 事件 中 各 利益 方 博弈 对 人类 总体 历史 归纳 看做 对 人类 近期 历史 思忖 如若 密集 信息 优化 上 精 进一步 就 趋近 无暇,与第一部相比的进步与成熟令人惊讶，同时也具有与西式科幻截然不同的视角与节奏，平视中解读爱与牺牲，在更高的维度上探索存在与死亡；制作上的饱满度几乎是华语电影的巅峰作，不同事件中各利益方的博弈既是对人类总体历史的归纳，也能看做是对人类近期历史的思忖，如若能在密集信息的优化上精进一步就趋近无暇。
这不比 火星 上种 土豆 好看 多,这不比在火星上种土豆好看多了？？？
一本 字迹 工整 流水账,一本字迹工整的流水账
李雪健 角色 去掉 还是 愿意 多 给 一颗,李雪健的角色去掉我还是愿意再多给一颗🌟的
三星 给 特效 其它 一颗 星 都 不想 给 自我 感动 式 科幻,三星给特效，其它的一颗星都不想给，自我感动式科幻
三十五岁 下岗 五十岁 自爆 变成 电子 宠物 拯救 世界 工具 人 一生 What are those chinese doing,"三十五岁下岗，五十岁自爆，变成电子宠物了依然要拯救世界，工具人的一生：""What are those chinese doing?""。"
有 那么 一瞬间 觉得 比肩 星际 穿越,88.有那么一瞬间我觉得可以比肩星际穿越
笨笨 可是 一条 军犬 要是 爱 人 生活 数字 世界 就 好 俄罗斯 核弹 保险 笑 死,笨笨，你可是一条军犬！5555555要是可以和爱的人一直生活在数字世界就好了。俄罗斯的核弹没有保险笑死我了😆
女性 角色 还是 只是 妻子 秘书 等待 被 拯救 人,但是女性角色还是只是妻子，秘书，等待被拯救的人
不让 发表 评论,他们不让我发表评论
散 乱 影院 暖和 好 适合 睡觉,又散又乱，影院又暖和，好适合睡觉。
IP 很棒 演员 特效 都 在线 但 可惜 导演 不会 讲故事 处于 写 多 就是 写 好 低年级 作文 水平 经费 充裕 拍 素材 但 不 懂 取舍 缓急 聚焦 留白 整片 充满 堆砌 故事 推进 节奏 宏大 叙事 微观 煽情 还是 老一套 路 让 人 感觉 疲倦 大于 震撼 真正 经典 国产 剧 出现 道 阻且 长好片 诞生 同样 需要 团结 好 IP 演员 好 导演 制片 都 不能 少 但 电影 有句 台词 很棒 团结 需要 代价 充满 投资收益 考量 片子 不会 那么 轻易 实现目标 统一 正如 第一部 长镜头 对 行星 发动机 介绍 一部 印象 最深 开头 太空 电梯 就是 偏 杂乱 填 喂 似的 叙述 WE 个 持续 两千五百 年 漫长 坚定 旅程 希望 以后 聚焦 讲好 勇敢 震撼 瞬间 不要 贪大求全 延展 地 做好 这个 系列 大年初一 盘古 万达 影院,IP依然很棒，演员和特效也都在线，但可惜导演不会讲故事，处于写得多就是写得好的低年级作文水平。经费充裕拍了很多素材，但不懂取舍和缓急，没有聚焦和留白，整片充满堆砌，故事推进没有节奏，宏大叙事和微观煽情也还是老一套路，让人感觉疲倦大于震撼。真正经典的国产剧的出现仍然道阻且长，好片的诞生同样需要团结，好IP和演员、好导演和制片都不能少。但电影有句台词很棒，“团结也是需要代价的”，充满投资收益考量的片子不会那么轻易实现目标统一。正如第一部长镜头对行星发动机的介绍，这一部印象最深的也是开头的太空电梯了，其他的就是偏杂乱而填喂似的叙述。WE是个持续两千五百年漫长而坚定的旅程，希望以后聚焦讲好每个勇敢而震撼的瞬间，不要贪大求全，延展地做好这个系列。1.22大年初一 盘古万达影院
上映 都 好几个 礼拜 没 拍 完,2上映都好几个礼拜了，3怎么还没拍完？
